insert into Album (albumID, albumName, image, releaseDate, [view]) values ('6BUZO7BW', N'Em Nên Dừng Lại (Single)', N'https://photo-resize-zmp3.zmdcdn.me/w165_r1x1_jpeg/cover/b/0/c/8/b0c8399ab4bf53e7eb1285ee1e8aaa32.jpg', '2022-07-01', 0)
insert into Artist_Album (accountID, albumID) values ('IWZ9ZB7D', '6BUZO7BW')
insert into AlbumGenre (genreID, albumID) values ('IWZ97FCD', '6BUZO7BW')
insert into AlbumGenre (genreID, albumID) values ('IWZ9Z08I', '6BUZO7BW')
insert into Album (albumID, albumName, image, releaseDate, [view]) values ('6BUWA9WW', N'Một Ngàn Nỗi Đau (Single)', N'https://photo-resize-zmp3.zmdcdn.me/w165_r1x1_jpeg/cover/0/8/8/5/0885c3d5fa3ad0b1322f40257aa6fe75.jpg', '2022-06-23', 0)
insert into Artist_Album (accountID, albumID) values ('IWZ96C8U', '6BUWA9WW')
insert into Artist_Album (accountID, albumID) values ('IWZCOZ0I', '6BUWA9WW')
insert into AlbumGenre (genreID, albumID) values ('IWZ97FCD', '6BUWA9WW')
insert into AlbumGenre (genreID, albumID) values ('IWZ9Z08I', '6BUWA9WW')
insert into Album (albumID, albumName, image, releaseDate, [view]) values ('6BUOUB7W', N'Nếu Gọi Nhau Là Anh Em (Single)', N'https://photo-resize-zmp3.zmdcdn.me/w165_r1x1_jpeg/cover/b/1/8/d/b18d2c6ab41a7190fedde41bc05f8522.jpg', '2022-06-25', 0)
insert into Artist_Album (accountID, albumID) values ('IWZ97ID6', '6BUOUB7W')
insert into Artist_Album (accountID, albumID) values ('IW77DAWD', '6BUOUB7W')
insert into AlbumGenre (genreID, albumID) values ('IWZ97FCD', '6BUOUB7W')
insert into AlbumGenre (genreID, albumID) values ('IWZ9Z08I', '6BUOUB7W')
insert into Album (albumID, albumName, image, releaseDate, [view]) values ('6BOF0CWO', N'Thiêu Thân (Single)', N'https://photo-resize-zmp3.zmdcdn.me/w165_r1x1_jpeg/cover/f/e/5/6/fe5659fe70dd215e616b784bd19751b5.jpg', '2022-06-17', 0)
insert into Artist_Album (accountID, albumID) values ('IWZAOAZZ', '6BOF0CWO')
insert into Artist_Album (accountID, albumID) values ('IW760F7I', '6BOF0CWO')
insert into AlbumGenre (genreID, albumID) values ('IWZ9Z089', '6BOF0CWO')
insert into AlbumGenre (genreID, albumID) values ('IWZ9Z08I', '6BOF0CWO')
insert into Album (albumID, albumName, image, releaseDate, [view]) values ('6BOI6O8E', N'Thương Em (Single)', N'https://photo-resize-zmp3.zmdcdn.me/w165_r1x1_jpeg/cover/b/0/0/3/b003deb65962e3b9b5f61f21f2f375ba.jpg', '2022-05-10', 0)
insert into Artist_Album (accountID, albumID) values ('IWZ976C7', '6BOI6O8E')
insert into Artist_Album (accountID, albumID) values ('IW6ZAAB8', '6BOI6O8E')
insert into AlbumGenre (genreID, albumID) values ('IWZ97FCD', '6BOI6O8E')
insert into AlbumGenre (genreID, albumID) values ('IWZ9Z08I', '6BOI6O8E')
insert into Album (albumID, albumName, image, releaseDate, [view]) values ('6BU0UAAO', N'Khác Biệt To Lớn Hơn (Single)', N'https://photo-resize-zmp3.zmdcdn.me/w165_r1x1_jpeg/cover/8/2/f/8/82f8433545bc66ec5945660759592c37.jpg', '2022-06-19', 0)
insert into Artist_Album (accountID, albumID) values ('IWZ9ZD8A', '6BU0UAAO')
insert into AlbumGenre (genreID, albumID) values ('IWZ9Z08I', '6BU0UAAO')
insert into AlbumGenre (genreID, albumID) values ('IWZ97FCD', '6BU0UAAO')
insert into Album (albumID, albumName, image, releaseDate, [view]) values ('6BWDFUOB', N'Vũ Trụ Trong Anh (Single)', N'https://photo-resize-zmp3.zmdcdn.me/w165_r1x1_jpeg/cover/4/1/4/8/41488217c31b072ee8950b9993bd8825.jpg', '2022-04-28', 0)
insert into Artist_Album (accountID, albumID) values ('IWZAF98B', '6BWDFUOB')
insert into AlbumGenre (genreID, albumID) values ('IWZ9Z08I', '6BWDFUOB')
insert into AlbumGenre (genreID, albumID) values ('IWZ97FCD', '6BWDFUOB')
insert into Album (albumID, albumName, image, releaseDate, [view]) values ('6BOU8CIE', N'Xin Má Rước Dâu (Single)', N'https://photo-resize-zmp3.zmdcdn.me/w165_r1x1_jpeg/cover/c/4/4/c/c44c3822217d8775780358df759f126d.jpg', '2022-05-20', 0)
insert into Artist_Album (accountID, albumID) values ('IW6Z8UUB', '6BOU8CIE')
insert into AlbumGenre (genreID, albumID) values ('IWZ97FCD', '6BOU8CIE')
insert into AlbumGenre (genreID, albumID) values ('IWZ9Z08I', '6BOU8CIE')
insert into Album (albumID, albumName, image, releaseDate, [view]) values ('6BOEEZ99', N'Vì Mẹ Anh Bắt Chia Tay (Single)', N'https://photo-resize-zmp3.zmdcdn.me/w165_r1x1_jpeg/cover/d/8/1/1/d811d20bdd4c40e9587021d4b7496d66.jpg', '2022-06-13', 0)
insert into Artist_Album (accountID, albumID) values ('IWZ96IAC', '6BOEEZ99')
insert into Artist_Album (accountID, albumID) values ('IWZ96F6O', '6BOEEZ99')
insert into Artist_Album (accountID, albumID) values ('IWZA0CI6', '6BOEEZ99')
insert into AlbumGenre (genreID, albumID) values ('IWZ9Z08I', '6BOEEZ99')
insert into AlbumGenre (genreID, albumID) values ('IWZ97FCD', '6BOEEZ99')
insert into Album (albumID, albumName, image, releaseDate, [view]) values ('6BIFUZ9E', N'Đám Cưới Nha? (Single)', N'https://photo-resize-zmp3.zmdcdn.me/w165_r1x1_jpeg/cover/e/e/1/c/ee1c0fbea45998492524c8f3b5992ab4.jpg', '2022-03-20', 0)
insert into Artist_Album (accountID, albumID) values ('IW67C6FD', '6BIFUZ9E')
insert into Artist_Album (accountID, albumID) values ('IWZD6FED', '6BIFUZ9E')
insert into AlbumGenre (genreID, albumID) values ('IWZ9Z08I', '6BIFUZ9E')
insert into AlbumGenre (genreID, albumID) values ('IWZ97FCD', '6BIFUZ9E')
insert into Album (albumID, albumName, image, releaseDate, [view]) values ('6BOIC7A7', N'Có Không Giữ Mất Đừng Tìm (Single)', N'https://photo-resize-zmp3.zmdcdn.me/w165_r1x1_jpeg/cover/0/3/9/7/0397842eb359d014b1928c3a7ff7d548.jpg', '2022-05-12', 0)
insert into Artist_Album (accountID, albumID) values ('IWZ99A86', '6BOIC7A7')
insert into AlbumGenre (genreID, albumID) values ('IWZ97FCD', '6BOIC7A7')
insert into AlbumGenre (genreID, albumID) values ('IWZ9Z08I', '6BOIC7A7')
insert into Album (albumID, albumName, image, releaseDate, [view]) values ('6BOFDZFZ', N'vaicaunoicokhiennguoithaydoi (Single)', N'https://photo-resize-zmp3.zmdcdn.me/w165_r1x1_jpeg/cover/4/5/1/e/451edeb56e86f4128d78323957b610ea.jpg', '2022-06-20', 0)
insert into Artist_Album (accountID, albumID) values ('IWZCOUW8', '6BOFDZFZ')
insert into Artist_Album (accountID, albumID) values ('IW68Z8DW', '6BOFDZFZ')
insert into AlbumGenre (genreID, albumID) values ('IWZ97FCD', '6BOFDZFZ')
insert into AlbumGenre (genreID, albumID) values ('IWZ9Z08I', '6BOFDZFZ')
insert into Album (albumID, albumName, image, releaseDate, [view]) values ('6BWBI8DW', N'Chờ Ngày Cưới Em (Single)', N'https://photo-resize-zmp3.zmdcdn.me/w165_r1x1_jpeg/cover/3/8/6/8/38682a9b538219105ff3323d9d6efbb9.jpg', '2022-04-20', 0)
insert into Artist_Album (accountID, albumID) values ('IW67D9EI', '6BWBI8DW')
insert into Artist_Album (accountID, albumID) values ('IW6ZO9UB', '6BWBI8DW')
insert into Artist_Album (accountID, albumID) values ('IW6Z6EU7', '6BWBI8DW')
insert into AlbumGenre (genreID, albumID) values ('IWZ9Z08I', '6BWBI8DW')
insert into AlbumGenre (genreID, albumID) values ('IWZ97FCD', '6BWBI8DW')
insert into Album (albumID, albumName, image, releaseDate, [view]) values ('6BUWCOA0', N'Làm Bạn Với Cô Đơn (Single)', N'https://photo-resize-zmp3.zmdcdn.me/w165_r1x1_jpeg/cover/8/e/5/7/8e574cd1e9eca94c8c9c133dd764fa7f.jpg', '2022-06-23', 0)
insert into Artist_Album (accountID, albumID) values ('IW77UC79', '6BUWCOA0')
insert into AlbumGenre (genreID, albumID) values ('IWZ97FCD', '6BUWCOA0')
insert into AlbumGenre (genreID, albumID) values ('IWZ9Z08I', '6BUWCOA0')
insert into Album (albumID, albumName, image, releaseDate, [view]) values ('6BO6AU68', N'hai mươi hai (22) (Single)', N'https://photo-resize-zmp3.zmdcdn.me/w165_r1x1_jpeg/cover/f/a/0/d/fa0dd90fce6538b52f1f3b87999f5ed1.jpg', '2022-05-25', 0)
insert into Artist_Album (accountID, albumID) values ('IWZCOZ0I', '6BO6AU68')
insert into Artist_Album (accountID, albumID) values ('IW6WBZWO', '6BO6AU68')
insert into AlbumGenre (genreID, albumID) values ('IWZ9Z08I', '6BO6AU68')
insert into AlbumGenre (genreID, albumID) values ('IWZ97FCD', '6BO6AU68')
insert into Album (albumID, albumName, image, releaseDate, [view]) values ('6BUOIF0D', N'Hết Sảy Miền Tây (Single)', N'https://photo-resize-zmp3.zmdcdn.me/w165_r1x1_jpeg/cover/9/a/0/a/9a0af1b65bd4985149959020f0a0bb3e.jpg', '2022-07-01', 0)
insert into Artist_Album (accountID, albumID) values ('IWZAZWIC', '6BUOIF0D')
insert into AlbumGenre (genreID, albumID) values ('IWZ97FCD', '6BUOIF0D')
insert into AlbumGenre (genreID, albumID) values ('IWZ9Z08I', '6BUOIF0D')
insert into Album (albumID, albumName, image, releaseDate, [view]) values ('6BUI8CE9', N'Call Girl (Lofi Version) (Single)', N'https://photo-resize-zmp3.zmdcdn.me/w165_r1x1_jpeg/cover/b/f/c/1/bfc116e96cef8aa61c76024396cf2874.jpg', '2022-06-20', 0)
insert into Artist_Album (accountID, albumID) values ('IWZ9E9AW', '6BUI8CE9')
insert into Artist_Album (accountID, albumID) values ('IW7B0BUO', '6BUI8CE9')
insert into AlbumGenre (genreID, albumID) values ('IWZ97FCD', '6BUI8CE9')
insert into AlbumGenre (genreID, albumID) values ('IWZ9Z08I', '6BUI8CE9')
insert into Album (albumID, albumName, image, releaseDate, [view]) values ('6BWD9ODI', N'Thương Quá Xá (Single)', N'https://photo-resize-zmp3.zmdcdn.me/w165_r1x1_jpeg/cover/6/7/e/e/67eed04b534a4304fb63be182220c54c.jpg', '2022-05-05', 0)
insert into Artist_Album (accountID, albumID) values ('IW760DEI', '6BWD9ODI')
insert into Artist_Album (accountID, albumID) values ('IW6ZU880', '6BWD9ODI')
insert into AlbumGenre (genreID, albumID) values ('IWZ9Z08I', '6BWD9ODI')
insert into AlbumGenre (genreID, albumID) values ('IWZ97FCD', '6BWD9ODI')
insert into Album (albumID, albumName, image, releaseDate, [view]) values ('6BUIFA6F', N'Càng Đơn Thuần Càng Bền Lâu (Single)', N'https://photo-resize-zmp3.zmdcdn.me/w165_r1x1_jpeg/cover/3/c/1/2/3c12f851fb3d5f7e05c7bf45d075760b.jpg', '2022-06-25', 0)
insert into Artist_Album (accountID, albumID) values ('IWZ980FB', '6BUIFA6F')
insert into Artist_Album (accountID, albumID) values ('IW6ZBCU7', '6BUIFA6F')
insert into AlbumGenre (genreID, albumID) values ('IWZ97FCD', '6BUIFA6F')
insert into AlbumGenre (genreID, albumID) values ('IWZ9Z08I', '6BUIFA6F')
insert into Album (albumID, albumName, image, releaseDate, [view]) values ('6BU0OD7U', N'Chỉ Cần Có Em (Single)', N'https://photo-resize-zmp3.zmdcdn.me/w165_r1x1_jpeg/cover/2/4/1/d/241d3b8aa26111306a49d0143754e205.jpg', '2022-06-17', 0)
insert into Artist_Album (accountID, albumID) values ('IWZ97FE0', '6BU0OD7U')
insert into AlbumGenre (genreID, albumID) values ('IWZ97FCD', '6BU0OD7U')
insert into AlbumGenre (genreID, albumID) values ('IWZ9Z08I', '6BU0OD7U')
insert into Album (albumID, albumName, image, releaseDate, [view]) values ('6BOUO6BU', N'Không Thể Yêu, Không Thể Quên (Single)', N'https://photo-resize-zmp3.zmdcdn.me/w165_r1x1_jpeg/cover/6/5/0/7/6507c467a9e8d8d0d65381c9bb321143.jpg', '2022-05-24', 0)
insert into Artist_Album (accountID, albumID) values ('IWZ9ZB7D', '6BOUO6BU')
insert into AlbumGenre (genreID, albumID) values ('IWZ97FCD', '6BOUO6BU')
insert into AlbumGenre (genreID, albumID) values ('IWZ9Z08I', '6BOUO6BU')
insert into Album (albumID, albumName, image, releaseDate, [view]) values ('6BOUAZ8O', N'Đoạn Tuyệt Nàng Đi (Lofi Version) (Single)', N'https://photo-resize-zmp3.zmdcdn.me/w165_r1x1_jpeg/cover/7/9/4/5/7945def0b61a268a8c5deff6bdb98346.jpg', '2022-05-20', 0)
insert into Artist_Album (accountID, albumID) values ('IW6ACZZE', '6BOUAZ8O')
insert into AlbumGenre (genreID, albumID) values ('IWZ97FCD', '6BOUAZ8O')
insert into AlbumGenre (genreID, albumID) values ('IWZ9Z08I', '6BOUAZ8O')
insert into Album (albumID, albumName, image, releaseDate, [view]) values ('6BUOUU0Z', N'Chạy Khỏi Thế Giới Này (Single)', N'https://photo-resize-zmp3.zmdcdn.me/w165_r1x1_jpeg/cover/5/b/9/6/5b96fdda0362a6b85fe54c4ce1d58e0b.jpg', '2022-06-30', 0)
insert into Artist_Album (accountID, albumID) values ('IWZAWB8O', '6BUOUU0Z')
insert into Artist_Album (accountID, albumID) values ('IWZAUDWA', '6BUOUU0Z')
insert into AlbumGenre (genreID, albumID) values ('IWZ97FCD', '6BUOUU0Z')
insert into AlbumGenre (genreID, albumID) values ('IWZ9Z08I', '6BUOUU0Z')
insert into Album (albumID, albumName, image, releaseDate, [view]) values ('6BW6BOFO', N'Sau Lưng Anh Có Ai Kìa (Single)', N'https://photo-resize-zmp3.zmdcdn.me/w165_r1x1_jpeg/cover/5/4/f/f/54ff7a850a090a3d7aaf674d6fb0bd63.jpg', '2022-04-11', 0)
insert into Artist_Album (accountID, albumID) values ('IWZ9COWZ', '6BW6BOFO')
insert into AlbumGenre (genreID, albumID) values ('IWZ9Z08I', '6BW6BOFO')
insert into AlbumGenre (genreID, albumID) values ('IWZ97FCD', '6BW6BOFO')
insert into Album (albumID, albumName, image, releaseDate, [view]) values ('6BOAOU8E', N'Shay Nắnggg (Single)', N'https://photo-resize-zmp3.zmdcdn.me/w165_r1x1_jpeg/cover/7/0/8/4/7084f2cd75ebf35936af4d1c878e1abe.jpg', '2022-06-06', 0)
insert into Artist_Album (accountID, albumID) values ('IW6WBZWO', '6BOAOU8E')
insert into Artist_Album (accountID, albumID) values ('IW6Z6DUA', '6BOAOU8E')
insert into AlbumGenre (genreID, albumID) values ('IWZ97FCD', '6BOAOU8E')
insert into AlbumGenre (genreID, albumID) values ('IWZ9Z08I', '6BOAOU8E')
insert into Album (albumID, albumName, image, releaseDate, [view]) values ('6BUUZI8D', N'Thương Lắm Em Ơi (Single)', N'https://photo-resize-zmp3.zmdcdn.me/w165_r1x1_jpeg/cover/f/6/e/b/f6ebb8dfcd9ca4dfba61b06c118854e4.jpg', '2022-07-02', 0)
insert into Artist_Album (accountID, albumID) values ('IW6W7AC7', '6BUUZI8D')
insert into Artist_Album (accountID, albumID) values ('IW7B6DOB', '6BUUZI8D')
insert into Artist_Album (accountID, albumID) values ('IW76DFBF', '6BUUZI8D')
insert into AlbumGenre (genreID, albumID) values ('IWZ9Z08I', '6BUUZI8D')
insert into AlbumGenre (genreID, albumID) values ('IWZ97FCD', '6BUUZI8D')
insert into Album (albumID, albumName, image, releaseDate, [view]) values ('6BOE8UO9', N'Bằng Lăng Nở Hoa (Single)', N'https://photo-resize-zmp3.zmdcdn.me/w165_r1x1_jpeg/cover/6/8/2/5/6825cac216a2e2c5e54c183862ba6abd.jpg', '2022-06-16', 0)
insert into Artist_Album (accountID, albumID) values ('IW6AC6UD', '6BOE8UO9')
insert into AlbumGenre (genreID, albumID) values ('IWZ97FCD', '6BOE8UO9')
insert into AlbumGenre (genreID, albumID) values ('IWZ9Z08I', '6BOE8UO9')
insert into Album (albumID, albumName, image, releaseDate, [view]) values ('6BUZ8EEU', N'Xuất Giá (Single)', N'https://photo-resize-zmp3.zmdcdn.me/w165_r1x1_jpeg/cover/4/9/8/6/4986aeeced8c976748855272d15d5e7c.jpg', '2022-07-03', 0)
insert into Artist_Album (accountID, albumID) values ('IW6UF090', '6BUZ8EEU')
insert into AlbumGenre (genreID, albumID) values ('IWZ97FCD', '6BUZ8EEU')
insert into AlbumGenre (genreID, albumID) values ('IWZ9Z08I', '6BUZ8EEU')
insert into Album (albumID, albumName, image, releaseDate, [view]) values ('6BUZ8CUE', N'Đơn Phương Mình Anh (Single)', N'https://photo-resize-zmp3.zmdcdn.me/w165_r1x1_jpeg/cover/6/9/c/d/69cdc9205f55c49047eaa4a6739a231d.jpg', '2022-07-01', 0)
insert into Artist_Album (accountID, albumID) values ('IW7B809B', '6BUZ8CUE')
insert into Artist_Album (accountID, albumID) values ('IW7ZC9UE', '6BUZ8CUE')
insert into AlbumGenre (genreID, albumID) values ('IWZ97FCD', '6BUZ8CUE')
insert into AlbumGenre (genreID, albumID) values ('IWZ9Z08I', '6BUZ8CUE')
insert into Album (albumID, albumName, image, releaseDate, [view]) values ('6BWZIEZF', N'Đám Cưới Miền Tây (Single)', N'https://photo-resize-zmp3.zmdcdn.me/w165_r1x1_jpeg/cover/2/a/d/2/2ad227a01b67ff7237e8f39c1214a6a6.jpg', '2022-04-02', 0)
insert into Artist_Album (accountID, albumID) values ('IW67CWB0', '6BWZIEZF')
insert into AlbumGenre (genreID, albumID) values ('IWZ9Z08I', '6BWZIEZF')
insert into AlbumGenre (genreID, albumID) values ('IWZ97FCD', '6BWZIEZF')
insert into Album (albumID, albumName, image, releaseDate, [view]) values ('6BW6COWB', N'Hoa Điêu Thuyền (Single)', N'https://photo-resize-zmp3.zmdcdn.me/w165_r1x1_jpeg/cover/5/9/5/4/595403d740d1008221715a64cdb3ba24.jpg', '2022-04-08', 0)
insert into Artist_Album (accountID, albumID) values ('IW6ZU7E8', '6BW6COWB')
insert into Artist_Album (accountID, albumID) values ('IW76E777', '6BW6COWB')
insert into AlbumGenre (genreID, albumID) values ('IWZ9Z08I', '6BW6COWB')
insert into AlbumGenre (genreID, albumID) values ('IWZ97FCD', '6BW6COWB')
insert into Album (albumID, albumName, image, releaseDate, [view]) values ('6BWU88U7', N'May Mắn Khi Có Em (Single)', N'https://photo-resize-zmp3.zmdcdn.me/w165_r1x1_jpeg/cover/f/1/2/b/f12b159a53f821c1559d875c86d61024.jpg', '2022-04-01', 0)
insert into Artist_Album (accountID, albumID) values ('IW77DAWD', '6BWU88U7')
insert into Artist_Album (accountID, albumID) values ('IW6ZB07B', '6BWU88U7')
insert into AlbumGenre (genreID, albumID) values ('IWZ9Z08I', '6BWU88U7')
insert into AlbumGenre (genreID, albumID) values ('IWZ97FCD', '6BWU88U7')
insert into Album (albumID, albumName, image, releaseDate, [view]) values ('6AC7UFWI', N'Chạy Về Nơi Phía Anh (Single)', N'https://photo-resize-zmp3.zmdcdn.me/w165_r1x1_jpeg/cover/6/3/0/d/630d20b0a79917e1545b4e2ada081040.jpg', '2022-02-14', 0)
insert into Artist_Album (accountID, albumID) values ('IWZ9ZB76', '6AC7UFWI')
insert into AlbumGenre (genreID, albumID) values ('IWZ9Z08I', '6AC7UFWI')
insert into AlbumGenre (genreID, albumID) values ('IWZ97FCD', '6AC7UFWI')
insert into Album (albumID, albumName, image, releaseDate, [view]) values ('6BUIFWUO', N'Nhất Em Rồi (Single)', N'https://photo-resize-zmp3.zmdcdn.me/w165_r1x1_jpeg/cover/f/d/9/1/fd91f7dcbe0d187797bd8d5245b17ef3.jpg', '2022-06-24', 0)
insert into Artist_Album (accountID, albumID) values ('IW76UWF7', '6BUIFWUO')
insert into Artist_Album (accountID, albumID) values ('IW6ZDUBE', '6BUIFWUO')
insert into Artist_Album (accountID, albumID) values ('IW76DFBF', '6BUIFWUO')
insert into AlbumGenre (genreID, albumID) values ('IWZ97FCD', '6BUIFWUO')
insert into AlbumGenre (genreID, albumID) values ('IWZ9Z08I', '6BUIFWUO')
insert into Album (albumID, albumName, image, releaseDate, [view]) values ('6BUOUI96', N'Người Quan Tâm Em Nhất (Single)', N'https://photo-resize-zmp3.zmdcdn.me/w165_r1x1_jpeg/cover/4/6/4/0/4640041066cc91fd33736a4da898ba21.jpg', '2022-06-24', 0)
insert into Artist_Album (accountID, albumID) values ('IWZAW9DE', '6BUOUI96')
insert into AlbumGenre (genreID, albumID) values ('IWZ97FCD', '6BUOUI96')
insert into AlbumGenre (genreID, albumID) values ('IWZ9Z08I', '6BUOUI96')
insert into Album (albumID, albumName, image, releaseDate, [view]) values ('6B0E7ZWE', N'Thương Em Thiệt Hông? (Single)', N'https://photo-resize-zmp3.zmdcdn.me/w165_r1x1_jpeg/cover/7/e/0/4/7e04ffa6b96ca066c39575b7d89ec6ed.jpg', '2022-03-12', 0)
insert into Artist_Album (accountID, albumID) values ('IWZAZWIC', '6B0E7ZWE')
insert into Artist_Album (accountID, albumID) values ('IW67CWB0', '6B0E7ZWE')
insert into AlbumGenre (genreID, albumID) values ('IWZ9Z08I', '6B0E7ZWE')
insert into AlbumGenre (genreID, albumID) values ('IWZ97FCD', '6B0E7ZWE')
insert into Album (albumID, albumName, image, releaseDate, [view]) values ('6BW07BAZ', N'Muốn Em Là (Single)', N'https://photo-resize-zmp3.zmdcdn.me/w165_r1x1_jpeg/cover/7/4/0/9/7409e051f6f27cb8e6d241654ebb20d3.jpg', '2022-03-24', 0)
insert into Artist_Album (accountID, albumID) values ('IW6UF090', '6BW07BAZ')
insert into AlbumGenre (genreID, albumID) values ('IWZ9Z08I', '6BW07BAZ')
insert into AlbumGenre (genreID, albumID) values ('IWZ97FCD', '6BW07BAZ')
insert into Album (albumID, albumName, image, releaseDate, [view]) values ('6BOBD80Z', N'Tình Thu Sao Hạ Buồn (Single)', N'https://photo-resize-zmp3.zmdcdn.me/w165_r1x1_jpeg/cover/b/d/6/2/bd62e72009b1f5d8f488bb2940cbea81.jpg', '2022-06-07', 0)
insert into Artist_Album (accountID, albumID) values ('IW6ZBOW8', '6BOBD80Z')
insert into AlbumGenre (genreID, albumID) values ('IWZ97FCD', '6BOBD80Z')
insert into AlbumGenre (genreID, albumID) values ('IWZ9Z08I', '6BOBD80Z')
insert into Album (albumID, albumName, image, releaseDate, [view]) values ('6BUUO88Z', N'Lời Hứa Xa Vời (Single)', N'https://photo-resize-zmp3.zmdcdn.me/w165_r1x1_jpeg/cover/d/4/9/0/d49072829a7ca29cdfeaecd36184faaf.jpg', '2022-07-01', 0)
insert into Artist_Album (accountID, albumID) values ('IW7B6866', '6BUUO88Z')
insert into Artist_Album (accountID, albumID) values ('IW76DFBF', '6BUUO88Z')
insert into AlbumGenre (genreID, albumID) values ('IWZ97FCD', '6BUUO88Z')
insert into AlbumGenre (genreID, albumID) values ('IWZ9Z08I', '6BUUO88Z')
insert into Album (albumID, albumName, image, releaseDate, [view]) values ('6ACWB7ZI', N'Chạy Về Khóc Với Anh (Single)', N'https://photo-resize-zmp3.zmdcdn.me/w165_r1x1_jpeg/cover/c/6/d/e/c6def069a1a885c41fe479358fa7c506.jpg', '2022-01-26', 0)
insert into Artist_Album (accountID, albumID) values ('IWZA6CIZ', '6ACWB7ZI')
insert into AlbumGenre (genreID, albumID) values ('IWZ9Z08I', '6ACWB7ZI')
insert into AlbumGenre (genreID, albumID) values ('IWZ97FCD', '6ACWB7ZI')
insert into Album (albumID, albumName, image, releaseDate, [view]) values ('6BUIFAFO', N'Tối Qua Em Ở Đâu (Single)', N'https://photo-resize-zmp3.zmdcdn.me/w165_r1x1_jpeg/cover/d/7/1/6/d71651c38f4a1bcce274dd15090aca21.jpg', '2022-06-21', 0)
insert into Artist_Album (accountID, albumID) values ('IWZA6F8I', '6BUIFAFO')
insert into Artist_Album (accountID, albumID) values ('IW6ZAAB8', '6BUIFAFO')
insert into AlbumGenre (genreID, albumID) values ('IWZ9Z08I', '6BUIFAFO')
insert into AlbumGenre (genreID, albumID) values ('IWZ97FCD', '6BUIFAFO')
insert into Album (albumID, albumName, image, releaseDate, [view]) values ('6BUOIZCB', N'Nếu Như Không Là Duyên (Single)', N'https://photo-resize-zmp3.zmdcdn.me/w165_r1x1_jpeg/cover/2/a/a/8/2aa8e107939019907fa481ea2efada49.jpg', '2022-06-25', 0)
insert into Artist_Album (accountID, albumID) values ('IW6ZAIBA', '6BUOIZCB')
insert into AlbumGenre (genreID, albumID) values ('IWZ97FCD', '6BUOIZCB')
insert into AlbumGenre (genreID, albumID) values ('IWZ9Z08I', '6BUOIZCB')
insert into Album (albumID, albumName, image, releaseDate, [view]) values ('6BUZ8FB6', N'Hương Mùa Hè EP.01', N'https://photo-resize-zmp3.zmdcdn.me/w165_r1x1_jpeg/cover/d/1/7/e/d17ea4144c17acf6159da67d8b34ffce.jpg', '2022-07-03', 0)
insert into Artist_Album (accountID, albumID) values ('IWZAZCC6', '6BUZ8FB6')
insert into Artist_Album (accountID, albumID) values ('IWZAZ8U6', '6BUZ8FB6')
insert into Artist_Album (accountID, albumID) values ('IWZFFWB7', '6BUZ8FB6')
insert into Artist_Album (accountID, albumID) values ('IWZCOUW8', '6BUZ8FB6')
insert into AlbumGenre (genreID, albumID) values ('IWZ97FCD', '6BUZ8FB6')
insert into AlbumGenre (genreID, albumID) values ('IWZ9Z08I', '6BUZ8FB6')
insert into Album (albumID, albumName, image, releaseDate, [view]) values ('6BOF7CC0', N'Chờ Quá Lâu (Single)', N'https://photo-resize-zmp3.zmdcdn.me/w165_r1x1_jpeg/cover/2/5/5/b/255b9ae9bd534aa2e67cca2080141f18.jpg', '2022-06-16', 0)
insert into Artist_Album (accountID, albumID) values ('IWZ9B08F', '6BOF7CC0')
insert into AlbumGenre (genreID, albumID) values ('IWZ97FCD', '6BOF7CC0')
insert into AlbumGenre (genreID, albumID) values ('IWZ9Z08I', '6BOF7CC0')
insert into Album (albumID, albumName, image, releaseDate, [view]) values ('6BOFE7C7', N'Em Ngốc Quá (Single)', N'https://photo-resize-zmp3.zmdcdn.me/w165_r1x1_jpeg/cover/7/b/a/f/7baf07d4edc187774fa99105bd43a6a8.jpg', '2022-06-17', 0)
insert into Artist_Album (accountID, albumID) values ('IWZFE9DB', '6BOFE7C7')
insert into AlbumGenre (genreID, albumID) values ('IWZ97FCD', '6BOFE7C7')
insert into AlbumGenre (genreID, albumID) values ('IWZ9Z08I', '6BOFE7C7')
insert into Album (albumID, albumName, image, releaseDate, [view]) values ('6BUZU6B9', N'Trăng Khuất (Single)', N'https://photo-resize-zmp3.zmdcdn.me/w165_r1x1_jpeg/cover/1/f/2/9/1f298646ffc0a493925729d67b9717ad.jpg', '2022-06-30', 0)
insert into Artist_Album (accountID, albumID) values ('IW68Z8UC', '6BUZU6B9')
insert into AlbumGenre (genreID, albumID) values ('IWZ97FCD', '6BUZU6B9')
insert into AlbumGenre (genreID, albumID) values ('IWZ9Z08I', '6BUZU6B9')
insert into Album (albumID, albumName, image, releaseDate, [view]) values ('6BWFADF8', N'Thương Em Lắm (Single)', N'https://photo-resize-zmp3.zmdcdn.me/w165_r1x1_jpeg/cover/3/5/3/0/3530ecf84f11796e54f40aab2dba8489.jpg', '2022-04-28', 0)
insert into Artist_Album (accountID, albumID) values ('IW78BD97', '6BWFADF8')
insert into AlbumGenre (genreID, albumID) values ('IWZ9Z08I', '6BWFADF8')
insert into AlbumGenre (genreID, albumID) values ('IWZ97FCD', '6BWFADF8')
insert into Album (albumID, albumName, image, releaseDate, [view]) values ('6BOAOIIW', N'Sóng Gió Cứ Để Anh Lo (Single)', N'https://photo-resize-zmp3.zmdcdn.me/w165_r1x1_jpeg/cover/9/6/d/2/96d2a0573b533cfe2d9816f3598defad.jpg', '2022-06-04', 0)
insert into Artist_Album (accountID, albumID) values ('IW77DAWD', '6BOAOIIW')
insert into Artist_Album (accountID, albumID) values ('IW6Z6FUI', '6BOAOIIW')
insert into AlbumGenre (genreID, albumID) values ('IWZ97FCD', '6BOAOIIW')
insert into AlbumGenre (genreID, albumID) values ('IWZ9Z08I', '6BOAOIIW')
insert into Album (albumID, albumName, image, releaseDate, [view]) values ('6BO96UE0', N'Nhìn Mây Vẽ Người (Single)', N'https://photo-resize-zmp3.zmdcdn.me/w165_r1x1_jpeg/cover/1/9/d/8/19d8b42b0aa5a00084d29c06a62556c7.jpg', '2022-06-03', 0)
insert into Artist_Album (accountID, albumID) values ('IW6ZO9UB', '6BO96UE0')
insert into Artist_Album (accountID, albumID) values ('IWZ9DFA6', '6BO96UE0')
insert into Artist_Album (accountID, albumID) values ('IW7AOFZ0', '6BO96UE0')
insert into AlbumGenre (genreID, albumID) values ('IWZ97FCD', '6BO96UE0')
insert into AlbumGenre (genreID, albumID) values ('IWZ9Z08I', '6BO96UE0')
insert into Album (albumID, albumName, image, releaseDate, [view]) values ('6BOF7I98', N'Giọt Lệ Tình (Single)', N'https://photo-resize-zmp3.zmdcdn.me/w165_r1x1_jpeg/cover/3/d/5/e/3d5eada40492262eee1b4699643d8f55.jpg', '2022-06-15', 0)
insert into Artist_Album (accountID, albumID) values ('IWZ9ZCAB', '6BOF7I98')
insert into AlbumGenre (genreID, albumID) values ('IWZ97FCD', '6BOF7I98')
insert into AlbumGenre (genreID, albumID) values ('IWZ9Z08I', '6BOF7I98')
insert into Album (albumID, albumName, image, releaseDate, [view]) values ('6BWZWI0D', N'Bao Giờ Kết Hôn (Single)', N'https://photo-resize-zmp3.zmdcdn.me/w165_r1x1_jpeg/cover/1/a/4/8/1a481c79381a770368bb065548005b67.jpg', '2022-04-04', 0)
insert into Artist_Album (accountID, albumID) values ('IWZ980FB', '6BWZWI0D')
insert into Artist_Album (accountID, albumID) values ('IW6WABWA', '6BWZWI0D')
insert into AlbumGenre (genreID, albumID) values ('IWZ9Z08I', '6BWZWI0D')
insert into AlbumGenre (genreID, albumID) values ('IWZ97FCD', '6BWZWI0D')
insert into Album (albumID, albumName, image, releaseDate, [view]) values ('6BUOIE7E', N'Nước Mắt Lưng Tròng (Single)', N'https://photo-resize-zmp3.zmdcdn.me/w165_r1x1_jpeg/cover/3/d/f/4/3df4a79c75c3407c9866d16c41cd57d6.jpg', '2022-06-24', 0)
insert into Artist_Album (accountID, albumID) values ('IW6OI6WA', '6BUOIE7E')
insert into Artist_Album (accountID, albumID) values ('IWZ9FE6A', '6BUOIE7E')
insert into AlbumGenre (genreID, albumID) values ('IWZ97FCD', '6BUOIE7E')
insert into AlbumGenre (genreID, albumID) values ('IWZ9Z08I', '6BUOIE7E')
insert into Album (albumID, albumName, image, releaseDate, [view]) values ('6BO68FC7', N'Động Phòng Hoa Chúc (Single)', N'https://photo-resize-zmp3.zmdcdn.me/w165_r1x1_jpeg/cover/d/6/3/5/d635b00ae306af873124f88194e47196.jpg', '2022-05-25', 0)
insert into Artist_Album (accountID, albumID) values ('IWZ9ZCAB', '6BO68FC7')
insert into Artist_Album (accountID, albumID) values ('IWZ9DFA6', '6BO68FC7')
insert into AlbumGenre (genreID, albumID) values ('IWZ97FCD', '6BO68FC7')
insert into AlbumGenre (genreID, albumID) values ('IWZ9Z08I', '6BO68FC7')
insert into Album (albumID, albumName, image, releaseDate, [view]) values ('6BW6B0O7', N'Về Nghe Mẹ Ru (Single)', N'https://photo-resize-zmp3.zmdcdn.me/w165_r1x1_jpeg/cover/c/6/5/1/c6512640878dce8d33b3ccf947cd19d2.jpg', '2022-04-08', 0)
insert into Artist_Album (accountID, albumID) values ('IWZ9Z900', '6BW6B0O7')
insert into Artist_Album (accountID, albumID) values ('IWZAZ8U6', '6BW6B0O7')
insert into Artist_Album (accountID, albumID) values ('IWZCOZ0I', '6BW6B0O7')
insert into AlbumGenre (genreID, albumID) values ('IWZ9Z08I', '6BW6B0O7')
insert into AlbumGenre (genreID, albumID) values ('IWZ97FCD', '6BW6B0O7')
insert into Album (albumID, albumName, image, releaseDate, [view]) values ('6BWBCBO7', N'Tự Sự (Qua Bển Làm Chi OST) (Single)', N'https://photo-resize-zmp3.zmdcdn.me/w165_r1x1_jpeg/cover/4/f/3/f/4f3f75a2a24afa46061320e4933db442.jpg', '2022-04-22', 0)
insert into Artist_Album (accountID, albumID) values ('IWZFFWB7', '6BWBCBO7')
insert into AlbumGenre (genreID, albumID) values ('IWZ97FCD', '6BWBCBO7')
insert into AlbumGenre (genreID, albumID) values ('IWZ9Z08I', '6BWBCBO7')
insert into AlbumGenre (genreID, albumID) values ('IWZ9Z0BA', '6BWBCBO7')
insert into Album (albumID, albumName, image, releaseDate, [view]) values ('6BW8BBUC', N'Trọn Vẹn Nghĩa Tình (Single)', N'https://photo-resize-zmp3.zmdcdn.me/w165_r1x1_jpeg/cover/f/c/8/7/fc8731ef0a79cdf73c3f30a0f01e4485.jpg', '2022-05-04', 0)
insert into Artist_Album (accountID, albumID) values ('IWZ9ZWI8', '6BW8BBUC')
insert into Artist_Album (accountID, albumID) values ('IWZ98WDB', '6BW8BBUC')
insert into AlbumGenre (genreID, albumID) values ('IWZ9Z08I', '6BW8BBUC')
insert into AlbumGenre (genreID, albumID) values ('IWZ97FCD', '6BW8BBUC')
insert into Album (albumID, albumName, image, releaseDate, [view]) values ('6BW6CUID', N'Buồn Không Thể Buông (Single)', N'https://photo-resize-zmp3.zmdcdn.me/w165_r1x1_jpeg/cover/6/4/0/a/640ac5c5de098aee6af8a332310dfb20.jpg', '2022-04-11', 0)
insert into Artist_Album (accountID, albumID) values ('IW780C6C', '6BW6CUID')
insert into Artist_Album (accountID, albumID) values ('IW68C6Z8', '6BW6CUID')
insert into Artist_Album (accountID, albumID) values ('IWZFDZDA', '6BW6CUID')
insert into Artist_Album (accountID, albumID) values ('IW780C6D', '6BW6CUID')
insert into AlbumGenre (genreID, albumID) values ('IWZ9Z08I', '6BW6CUID')
insert into AlbumGenre (genreID, albumID) values ('IWZ97FCD', '6BW6CUID')
insert into Album (albumID, albumName, image, releaseDate, [view]) values ('6BU0W9D0', N'Quên Đặt Tên (Single)', N'https://photo-resize-zmp3.zmdcdn.me/w165_r1x1_jpeg/cover/e/f/7/7/ef77440009d6a0d0827959c0fd8a9314.jpg', '2022-06-25', 0)
insert into Artist_Album (accountID, albumID) values ('IW6ZZIO9', '6BU0W9D0')
insert into AlbumGenre (genreID, albumID) values ('IWZ97FCD', '6BU0W9D0')
insert into AlbumGenre (genreID, albumID) values ('IWZ9Z08I', '6BU0W9D0')
insert into Album (albumID, albumName, image, releaseDate, [view]) values ('6BUZ9I0A', N'Em Sẽ Quay Về (Single)', N'https://photo-resize-zmp3.zmdcdn.me/w165_r1x1_jpeg/cover/c/4/3/8/c4389496801fe9787b98ff04a68f9f86.jpg', '2022-07-01', 0)
insert into Artist_Album (accountID, albumID) values ('IWZAOADF', '6BUZ9I0A')
insert into AlbumGenre (genreID, albumID) values ('IWZ97FCD', '6BUZ9I0A')
insert into AlbumGenre (genreID, albumID) values ('IWZ9Z08I', '6BUZ9I0A')
insert into Album (albumID, albumName, image, releaseDate, [view]) values ('6BOB8FIB', N'Vậy Thì Người Cứ Đi (Single)', N'https://photo-resize-zmp3.zmdcdn.me/w165_r1x1_jpeg/cover/8/e/6/6/8e66a7fba08959a4a3418b67ea77c53e.jpg', '2022-06-10', 0)
insert into Artist_Album (accountID, albumID) values ('IW6ZZF6D', '6BOB8FIB')
insert into Artist_Album (accountID, albumID) values ('IW77BDI0', '6BOB8FIB')
insert into Artist_Album (accountID, albumID) values ('IW76DFBF', '6BOB8FIB')
insert into AlbumGenre (genreID, albumID) values ('IWZ97FCD', '6BOB8FIB')
insert into AlbumGenre (genreID, albumID) values ('IWZ9Z08I', '6BOB8FIB')
insert into Album (albumID, albumName, image, releaseDate, [view]) values ('6BIFZW8D', N'Mây Hồng Đưa Lối (Single)', N'https://photo-resize-zmp3.zmdcdn.me/w165_r1x1_jpeg/cover/9/7/4/2/97424a41360bc428427b4e06c5d5d2a7.jpg', '2022-03-20', 0)
insert into Artist_Album (accountID, albumID) values ('IW6ZBOW8', '6BIFZW8D')
insert into AlbumGenre (genreID, albumID) values ('IWZ9Z08I', '6BIFZW8D')
insert into AlbumGenre (genreID, albumID) values ('IWZ97FCD', '6BIFZW8D')
insert into Album (albumID, albumName, image, releaseDate, [view]) values ('6BO96ZBI', N'after YOU (EP)', N'https://photo-resize-zmp3.zmdcdn.me/w165_r1x1_jpeg/cover/d/f/5/3/df5312f77df3995f9694ebf0850915af.jpg', '2022-06-07', 0)
insert into Artist_Album (accountID, albumID) values ('IWZ9COWZ', '6BO96ZBI')
insert into AlbumGenre (genreID, albumID) values ('IWZ9Z08I', '6BO96ZBI')
insert into AlbumGenre (genreID, albumID) values ('IWZ97FCD', '6BO96ZBI')
insert into Album (albumID, albumName, image, releaseDate, [view]) values ('6BIFZA8E', N'Mất Anh Rồi (Single)', N'https://photo-resize-zmp3.zmdcdn.me/w165_r1x1_jpeg/cover/3/f/4/2/3f4257a9f78d4dd1c29d1441bba50497.jpg', '2022-03-21', 0)
insert into Artist_Album (accountID, albumID) values ('IWZCOZZD', '6BIFZA8E')
insert into AlbumGenre (genreID, albumID) values ('IWZ9Z08I', '6BIFZA8E')
insert into AlbumGenre (genreID, albumID) values ('IWZ97FCD', '6BIFZA8E')
insert into Album (albumID, albumName, image, releaseDate, [view]) values ('6BODZ7AU', N'Ừ Thì Anh Cũng Vui (Single)', N'https://photo-resize-zmp3.zmdcdn.me/w165_r1x1_jpeg/cover/d/8/b/5/d8b5de62ece4daeed2b0e95374583aac.jpg', '2022-06-10', 0)
insert into Artist_Album (accountID, albumID) values ('IWZ968UO', '6BODZ7AU')
insert into AlbumGenre (genreID, albumID) values ('IWZ97FCD', '6BODZ7AU')
insert into AlbumGenre (genreID, albumID) values ('IWZ9Z08I', '6BODZ7AU')
insert into Album (albumID, albumName, image, releaseDate, [view]) values ('6BO6DDBO', N'Mời Trầu (Single)', N'https://photo-resize-zmp3.zmdcdn.me/w165_r1x1_jpeg/cover/d/a/e/b/daeb652e4054ef0cb645c3231737f142.jpg', '2022-05-26', 0)
insert into Artist_Album (accountID, albumID) values ('IWZFD77I', '6BO6DDBO')
insert into AlbumGenre (genreID, albumID) values ('IWZ97FCD', '6BO6DDBO')
insert into AlbumGenre (genreID, albumID) values ('IWZ9Z08I', '6BO6DDBO')
insert into Album (albumID, albumName, image, releaseDate, [view]) values ('6BW6Z907', N'Lạc Vào Trong Mơ (Single)', N'https://photo-resize-zmp3.zmdcdn.me/w165_r1x1_jpeg/cover/4/c/2/8/4c282e19915377775b55081874f03941.jpg', '2022-04-08', 0)
insert into Artist_Album (accountID, albumID) values ('IW77IEO8', '6BW6Z907')
insert into Artist_Album (accountID, albumID) values ('IW780WI8', '6BW6Z907')
insert into AlbumGenre (genreID, albumID) values ('IWZ9Z08I', '6BW6Z907')
insert into AlbumGenre (genreID, albumID) values ('IWZ9Z089', '6BW6Z907')
insert into Album (albumID, albumName, image, releaseDate, [view]) values ('6BU0O7AC', N'Duyên Tình Mình Lỡ (Single)', N'https://photo-resize-zmp3.zmdcdn.me/w165_r1x1_jpeg/cover/d/5/9/7/d5977d47f7822c4446192f23e8435d4b.jpg', '2022-06-17', 0)
insert into Artist_Album (accountID, albumID) values ('IWZAF98B', '6BU0O7AC')
insert into AlbumGenre (genreID, albumID) values ('IWZ97FCD', '6BU0O7AC')
insert into AlbumGenre (genreID, albumID) values ('IWZ9Z08I', '6BU0O7AC')
insert into Album (albumID, albumName, image, releaseDate, [view]) values ('6BWOE7AW', N'Ít Nhưng Dài Lâu (Single)', N'https://photo-resize-zmp3.zmdcdn.me/w165_r1x1_jpeg/cover/2/6/4/7/2647533ba8537b8a9a12d992e392433b.jpg', '2022-04-01', 0)
insert into Artist_Album (accountID, albumID) values ('IW7OOZ0O', '6BWOE7AW')
insert into AlbumGenre (genreID, albumID) values ('IWZ9Z08I', '6BWOE7AW')
insert into AlbumGenre (genreID, albumID) values ('IWZ97FCD', '6BWOE7AW')
insert into Album (albumID, albumName, image, releaseDate, [view]) values ('6BOWZFC0', N'Mộng Tàn Hoa (New Version) (Single)', N'https://photo-resize-zmp3.zmdcdn.me/w165_r1x1_jpeg/cover/a/5/1/8/a51869e68bdc2d4a1b07db9249723e82.jpg', '2022-05-13', 0)
insert into Artist_Album (accountID, albumID) values ('IW67E9CO', '6BOWZFC0')
insert into AlbumGenre (genreID, albumID) values ('IWZ97FCD', '6BOWZFC0')
insert into AlbumGenre (genreID, albumID) values ('IWZ9Z08I', '6BOWZFC0')
insert into Album (albumID, albumName, image, releaseDate, [view]) values ('6BOZDICZ', N'Ơi Anh Gì Ơi (Single)', N'https://photo-resize-zmp3.zmdcdn.me/w165_r1x1_jpeg/cover/6/1/a/5/61a5d36a05eb58479103614bb6c3b66a.jpg', '2022-05-23', 0)
insert into Artist_Album (accountID, albumID) values ('IW67CWB0', '6BOZDICZ')
insert into Artist_Album (accountID, albumID) values ('IWZAZWIC', '6BOZDICZ')
insert into AlbumGenre (genreID, albumID) values ('IWZ97FCD', '6BOZDICZ')
insert into AlbumGenre (genreID, albumID) values ('IWZ9Z08I', '6BOZDICZ')
insert into Album (albumID, albumName, image, releaseDate, [view]) values ('6BOAO0O7', N'Chưa Quên Người Yêu Cũ (Live Version) (Single)', N'https://photo-resize-zmp3.zmdcdn.me/w165_r1x1_jpeg/cover/3/c/e/a/3cea2fffcc84b26f3094621b22a20605.jpg', '2022-06-02', 0)
insert into Artist_Album (accountID, albumID) values ('IWZA6806', '6BOAO0O7')
insert into AlbumGenre (genreID, albumID) values ('IWZ9Z08I', '6BOAO0O7')
insert into AlbumGenre (genreID, albumID) values ('IWZ97FCD', '6BOAO0O7')
insert into Album (albumID, albumName, image, releaseDate, [view]) values ('6BOB99IB', N'Có Trăng Quên Đèn (Single)', N'https://photo-resize-zmp3.zmdcdn.me/w165_r1x1_jpeg/cover/b/6/4/e/b64e8380bc90a4fab3034389e8cbc9b5.jpg', '2022-06-06', 0)
insert into Artist_Album (accountID, albumID) values ('IW76DOIC', '6BOB99IB')
insert into AlbumGenre (genreID, albumID) values ('IWZ9Z08I', '6BOB99IB')
insert into AlbumGenre (genreID, albumID) values ('IWZ97FCD', '6BOB99IB')
insert into Album (albumID, albumName, image, releaseDate, [view]) values ('67EOZ8UB', N'Cô Đơn Dành Cho Ai (Single)', N'https://photo-resize-zmp3.zmdcdn.me/w165_r1x1_jpeg/cover/1/6/7/6/1676a7374f415513ec2153e1741ff305.jpg', '2021-04-03', 0)
insert into Artist_Album (accountID, albumID) values ('IW6A7CED', '67EOZ8UB')
insert into Artist_Album (accountID, albumID) values ('IW6A7CEE', '67EOZ8UB')
insert into AlbumGenre (genreID, albumID) values ('IWZ9Z08I', '67EOZ8UB')
insert into AlbumGenre (genreID, albumID) values ('IWZ97FCD', '67EOZ8UB')
insert into Album (albumID, albumName, image, releaseDate, [view]) values ('6BO877WZ', N'Ngôi Nhà Và Đống Rơm (Single)', N'https://photo-resize-zmp3.zmdcdn.me/w165_r1x1_jpeg/cover/b/f/d/4/bfd49cf4cb9e6fc7180c67522f22aefb.jpg', '2022-05-31', 0)
insert into Artist_Album (accountID, albumID) values ('IW6A7CEE', '6BO877WZ')
insert into AlbumGenre (genreID, albumID) values ('IWZ97FCD', '6BO877WZ')
insert into AlbumGenre (genreID, albumID) values ('IWZ9Z08I', '6BO877WZ')
insert into Album (albumID, albumName, image, releaseDate, [view]) values ('6BUZU6OW', N'1 Cọng Tóc Mai (Single)', N'https://photo-resize-zmp3.zmdcdn.me/w165_r1x1_jpeg/cover/2/e/2/b/2e2bb52ce5bc6188c1c5ccfb88119832.jpg', '2022-06-30', 0)
insert into Artist_Album (accountID, albumID) values ('IWZ9ZUCI', '6BUZU6OW')
insert into Artist_Album (accountID, albumID) values ('IWZ986AE', '6BUZU6OW')
insert into AlbumGenre (genreID, albumID) values ('IWZ97FCD', '6BUZU6OW')
insert into AlbumGenre (genreID, albumID) values ('IWZ9Z08I', '6BUZU6OW')
insert into Album (albumID, albumName, image, releaseDate, [view]) values ('6BOIZF9E', N'Lạc Chốn Hồng Trần (Single)', N'https://photo-resize-zmp3.zmdcdn.me/w165_r1x1_jpeg/cover/4/a/9/4/4a94bfaff8afb9e94159a0e9ba6114cf.jpg', '2022-04-28', 0)
insert into Artist_Album (accountID, albumID) values ('IWZA6A7Z', '6BOIZF9E')
insert into AlbumGenre (genreID, albumID) values ('IWZ97FCD', '6BOIZF9E')
insert into AlbumGenre (genreID, albumID) values ('IWZ9Z08I', '6BOIZF9E')
insert into Album (albumID, albumName, image, releaseDate, [view]) values ('6BO60WIC', N'Em là Quá Khứ Không Thể Quên (Single)', N'https://photo-resize-zmp3.zmdcdn.me/w165_r1x1_jpeg/cover/e/9/e/6/e9e6692916d9a8e35387bbd6bdcf5b04.jpg', '2022-05-23', 0)
insert into Artist_Album (accountID, albumID) values ('IW67E9CO', '6BO60WIC')
insert into AlbumGenre (genreID, albumID) values ('IWZ97FCD', '6BO60WIC')
insert into AlbumGenre (genreID, albumID) values ('IWZ9Z08I', '6BO60WIC')
insert into Album (albumID, albumName, image, releaseDate, [view]) values ('6BUUOE00', N'Thuyền Quyên (Single)', N'https://photo-resize-zmp3.zmdcdn.me/w165_r1x1_jpeg/cover/2/e/c/5/2ec51983dbff681cc3cb7af20b4c7ad2.jpg', '2022-07-02', 0)
insert into Artist_Album (accountID, albumID) values ('IW6Z8UUB', '6BUUOE00')
insert into AlbumGenre (genreID, albumID) values ('IWZ97FCD', '6BUUOE00')
insert into AlbumGenre (genreID, albumID) values ('IWZ9Z08I', '6BUUOE00')
insert into Album (albumID, albumName, image, releaseDate, [view]) values ('6BOFCBAI', N'Chỉ Là Đã Từng (Single)', N'https://photo-resize-zmp3.zmdcdn.me/w165_r1x1_jpeg/cover/5/b/8/d/5b8def1ee313bd677d196ee8dc620fd4.jpg', '2022-06-16', 0)
insert into Artist_Album (accountID, albumID) values ('IW6BZA76', '6BOFCBAI')
insert into AlbumGenre (genreID, albumID) values ('IWZ97FCD', '6BOFCBAI')
insert into AlbumGenre (genreID, albumID) values ('IWZ9Z08I', '6BOFCBAI')
insert into Album (albumID, albumName, image, releaseDate, [view]) values ('6BWE0WEW', N'Khi Yêu Nào Đâu Ai Muốn (Single)', N'https://photo-resize-zmp3.zmdcdn.me/w165_r1x1_jpeg/cover/2/b/f/6/2bf68cc8bc3b373cb1f235eabe6cceb4.jpg', '2022-05-03', 0)
insert into Artist_Album (accountID, albumID) values ('IWZ97CDD', '6BWE0WEW')
insert into AlbumGenre (genreID, albumID) values ('IWZ97FCD', '6BWE0WEW')
insert into AlbumGenre (genreID, albumID) values ('IWZ9Z08I', '6BWE0WEW')
insert into Album (albumID, albumName, image, releaseDate, [view]) values ('6BO8E7BD', N'Em Là Nhất (Cukak Remix) (Single)', N'https://photo-resize-zmp3.zmdcdn.me/w165_r1x1_jpeg/cover/6/c/7/a/6c7adf3a5bf16e0405d1f719e77880e0.jpg', '2022-05-31', 0)
insert into Artist_Album (accountID, albumID) values ('IW77678C', '6BO8E7BD')
insert into Artist_Album (accountID, albumID) values ('IW7ZE7DD', '6BO8E7BD')
insert into Artist_Album (accountID, albumID) values ('IW79E876', '6BO8E7BD')
insert into Artist_Album (accountID, albumID) values ('IW7O8E7F', '6BO8E7BD')
insert into AlbumGenre (genreID, albumID) values ('IWZ9Z0CW', '6BO8E7BD')
insert into AlbumGenre (genreID, albumID) values ('IWZ9Z08I', '6BO8E7BD')
insert into Album (albumID, albumName, image, releaseDate, [view]) values ('6BOAOE00', N'Người Yêu Không Đá (Single)', N'https://photo-resize-zmp3.zmdcdn.me/w165_r1x1_jpeg/cover/6/8/a/a/68aaf3904862570375f646cfd2cf7b33.jpg', '2022-06-05', 0)
insert into Artist_Album (accountID, albumID) values ('IW7AZ9DF', '6BOAOE00')
insert into Artist_Album (accountID, albumID) values ('IW7AW87E', '6BOAOE00')
insert into AlbumGenre (genreID, albumID) values ('IWZ97FCD', '6BOAOE00')
insert into AlbumGenre (genreID, albumID) values ('IWZ9Z08I', '6BOAOE00')
insert into Album (albumID, albumName, image, releaseDate, [view]) values ('6BW0ECOC', N'Rung Động (Single)', N'https://photo-resize-zmp3.zmdcdn.me/w165_r1x1_jpeg/cover/d/e/3/8/de38ea78ded4ceaf57bd74b07125bcef.jpg', '2022-03-25', 0)
insert into Artist_Album (accountID, albumID) values ('IWZ97FE0', '6BW0ECOC')
insert into AlbumGenre (genreID, albumID) values ('IWZ9Z08I', '6BW0ECOC')
insert into AlbumGenre (genreID, albumID) values ('IWZ97FCD', '6BW0ECOC')
insert into Album (albumID, albumName, image, releaseDate, [view]) values ('6BO7Z9F6', N'Về Quê Cưới Luôn (Single)', N'https://photo-resize-zmp3.zmdcdn.me/w165_r1x1_jpeg/cover/5/f/f/e/5ffe9cb4989b968773f1b88fed292f8d.jpg', '2022-05-28', 0)
insert into Artist_Album (accountID, albumID) values ('IWZ97Z8D', '6BO7Z9F6')
insert into AlbumGenre (genreID, albumID) values ('IWZ97FCD', '6BO7Z9F6')
insert into AlbumGenre (genreID, albumID) values ('IWZ9Z08I', '6BO7Z9F6')
insert into Album (albumID, albumName, image, releaseDate, [view]) values ('6B0C8BWD', N'Cảm Ơn Em Đã Đến Bên Anh (Single)', N'https://photo-resize-zmp3.zmdcdn.me/w165_r1x1_jpeg/cover/b/d/1/5/bd15c3d2b08498ae5482b6856747a3bd.jpg', '2022-03-08', 0)
insert into Artist_Album (accountID, albumID) values ('IW68CC9Z', '6B0C8BWD')
insert into AlbumGenre (genreID, albumID) values ('IWZ9Z08I', '6B0C8BWD')
insert into AlbumGenre (genreID, albumID) values ('IWZ97FCD', '6B0C8BWD')
insert into Album (albumID, albumName, image, releaseDate, [view]) values ('6BUOOOBE', N'Giá Như Đừng Gặp Nhau (Single)', N'https://photo-resize-zmp3.zmdcdn.me/w165_r1x1_jpeg/cover/e/0/0/0/e00002a75559cbf074d091320ada0c06.jpg', '2022-06-24', 0)
insert into Artist_Album (accountID, albumID) values ('IW76EO00', '6BUOOOBE')
insert into Artist_Album (accountID, albumID) values ('IW6ZO9UB', '6BUOOOBE')
insert into Artist_Album (accountID, albumID) values ('IW7AOFZ0', '6BUOOOBE')
insert into AlbumGenre (genreID, albumID) values ('IWZ97FCD', '6BUOOOBE')
insert into AlbumGenre (genreID, albumID) values ('IWZ9Z08I', '6BUOOOBE')
insert into Album (albumID, albumName, image, releaseDate, [view]) values ('6BWDFWWO', N'Hôm Nay Em Rất Mệt (Single)', N'https://photo-resize-zmp3.zmdcdn.me/w165_r1x1_jpeg/cover/7/5/d/2/75d235cf007aa290b5dc29a56d11e6f3.jpg', '2022-04-28', 0)
insert into Artist_Album (accountID, albumID) values ('IWZFEEIO', '6BWDFWWO')
insert into Artist_Album (accountID, albumID) values ('IWZ96ZIC', '6BWDFWWO')
insert into AlbumGenre (genreID, albumID) values ('IWZ97FCD', '6BWDFWWO')
insert into AlbumGenre (genreID, albumID) values ('IWZ9Z08I', '6BWDFWWO')
insert into Album (albumID, albumName, image, releaseDate, [view]) values ('6BO0ZIZF', N'Cứ Thở Đi (Single)', N'https://photo-resize-zmp3.zmdcdn.me/w165_r1x1_jpeg/cover/3/b/4/3/3b43cea97070fb7acf79c31b6e2dac9a.jpg', '2022-05-07', 0)
insert into Artist_Album (accountID, albumID) values ('IWZA66AO', '6BO0ZIZF')
insert into Artist_Album (accountID, albumID) values ('IW6UZW08', '6BO0ZIZF')
insert into Artist_Album (accountID, albumID) values ('IW78F00B', '6BO0ZIZF')
insert into AlbumGenre (genreID, albumID) values ('IWZ97FCD', '6BO0ZIZF')
insert into AlbumGenre (genreID, albumID) values ('IWZ9Z08I', '6BO0ZIZF')
insert into Album (albumID, albumName, image, releaseDate, [view]) values ('6BODCCFO', N'Chốn Quê Thanh Bình (Single)', N'https://photo-resize-zmp3.zmdcdn.me/w165_r1x1_jpeg/cover/f/e/8/0/fe804a0a5af3d148ab9d3a148d41ed7b.jpg', '2022-06-11', 0)
insert into Artist_Album (accountID, albumID) values ('IW689UCI', '6BODCCFO')
insert into AlbumGenre (genreID, albumID) values ('IWZ97FCD', '6BODCCFO')
insert into AlbumGenre (genreID, albumID) values ('IWZ9Z08I', '6BODCCFO')
insert into Album (albumID, albumName, image, releaseDate, [view]) values ('6BWCCZO9', N'Tay Bế Tay Bồng (Single)', N'https://photo-resize-zmp3.zmdcdn.me/w165_r1x1_jpeg/cover/0/f/4/6/0f461252693ac971fd2361de678662d1.jpg', '2022-04-26', 0)
insert into Artist_Album (accountID, albumID) values ('IW68CC9Z', '6BWCCZO9')
insert into AlbumGenre (genreID, albumID) values ('IWZ97FCD', '6BWCCZO9')
insert into AlbumGenre (genreID, albumID) values ('IWZ9Z08I', '6BWCCZO9')
insert into Album (albumID, albumName, image, releaseDate, [view]) values ('6BOF0DUZ', N'Hổng Cưới Đâu Nha (Single)', N'https://photo-resize-zmp3.zmdcdn.me/w165_r1x1_jpeg/cover/3/b/5/4/3b54278f2d7034c5b7cf9bb48b038cc5.jpg', '2022-06-17', 0)
insert into Artist_Album (accountID, albumID) values ('IWZAWBCZ', '6BOF0DUZ')
insert into AlbumGenre (genreID, albumID) values ('IWZ97FCD', '6BOF0DUZ')
insert into AlbumGenre (genreID, albumID) values ('IWZ9Z08I', '6BOF0DUZ')
insert into Album (albumID, albumName, image, releaseDate, [view]) values ('6BWD9FCF', N'Theo Anh Zìa (Single)', N'https://photo-resize-zmp3.zmdcdn.me/w165_r1x1_jpeg/cover/a/c/2/8/ac285959ed5f25c016583186fd9a2cde.jpg', '2022-04-29', 0)
insert into Artist_Album (accountID, albumID) values ('IWZAZWIC', '6BWD9FCF')
insert into Artist_Album (accountID, albumID) values ('IWZAWCBF', '6BWD9FCF')
insert into AlbumGenre (genreID, albumID) values ('IWZ9Z08I', '6BWD9FCF')
insert into AlbumGenre (genreID, albumID) values ('IWZ97FCD', '6BWD9FCF')
insert into Album (albumID, albumName, image, releaseDate, [view]) values ('6BO9ZEO0', N'Chung Tình Được Bao Lâu (Single)', N'https://photo-resize-zmp3.zmdcdn.me/w165_r1x1_jpeg/cover/5/1/5/9/515945f11a7c04327019f033e3fddd44.jpg', '2022-06-03', 0)
insert into Artist_Album (accountID, albumID) values ('IW6ZZF6D', '6BO9ZEO0')
insert into Artist_Album (accountID, albumID) values ('IW67DCDI', '6BO9ZEO0')
insert into Artist_Album (accountID, albumID) values ('IW76DFBF', '6BO9ZEO0')
insert into AlbumGenre (genreID, albumID) values ('IWZ97FCD', '6BO9ZEO0')
insert into AlbumGenre (genreID, albumID) values ('IWZ9Z08I', '6BO9ZEO0')
insert into Album (albumID, albumName, image, releaseDate, [view]) values ('6BO60UDO', N'Chỉ Còn Một Đêm (Single)', N'https://photo-resize-zmp3.zmdcdn.me/w165_r1x1_jpeg/cover/e/2/1/c/e21c31a781b6a1ae4eaefedecd49baed.jpg', '2022-05-24', 0)
insert into Artist_Album (accountID, albumID) values ('IWZAZFCO', '6BO60UDO')
insert into AlbumGenre (genreID, albumID) values ('IWZ97FCD', '6BO60UDO')
insert into AlbumGenre (genreID, albumID) values ('IWZ9Z08I', '6BO60UDO')
insert into Album (albumID, albumName, image, releaseDate, [view]) values ('6BWDFD7W', N'Bố Vợ Chất Chơi (Single)', N'https://photo-resize-zmp3.zmdcdn.me/w165_r1x1_jpeg/cover/d/5/7/4/d574bf4f3319f63486645bd472672538.jpg', '2022-04-29', 0)
insert into Artist_Album (accountID, albumID) values ('IW6ZA7D9', '6BWDFD7W')
insert into AlbumGenre (genreID, albumID) values ('IWZ97FCD', '6BWDFD7W')
insert into AlbumGenre (genreID, albumID) values ('IWZ9Z08I', '6BWDFD7W')
insert into Album (albumID, albumName, image, releaseDate, [view]) values ('6BUUUF8W', N'Pháo Hồng (Single)', N'https://photo-resize-zmp3.zmdcdn.me/w165_r1x1_jpeg/cover/3/9/8/d/398dd75c920409a73359c8a62f02a166.jpg', '2022-06-29', 0)
insert into Artist_Album (accountID, albumID) values ('IW76FDO7', '6BUUUF8W')
insert into AlbumGenre (genreID, albumID) values ('IWZ97FCD', '6BUUUF8W')
insert into AlbumGenre (genreID, albumID) values ('IWZ9Z08I', '6BUUUF8W')
insert into Album (albumID, albumName, image, releaseDate, [view]) values ('6BO87A9U', N'Chắc Do Em Đã Sai (Single)', N'https://photo-resize-zmp3.zmdcdn.me/w165_r1x1_jpeg/cover/8/2/7/1/82711c5642f92e3562484c3a5a6c8f24.jpg', '2022-06-02', 0)
insert into Artist_Album (accountID, albumID) values ('IW6ZC0DZ', '6BO87A9U')
insert into Artist_Album (accountID, albumID) values ('IW76Z89I', '6BO87A9U')
insert into Artist_Album (accountID, albumID) values ('IW767UFZ', '6BO87A9U')
insert into AlbumGenre (genreID, albumID) values ('IWZ97FCD', '6BO87A9U')
insert into AlbumGenre (genreID, albumID) values ('IWZ9Z08I', '6BO87A9U')
insert into Album (albumID, albumName, image, releaseDate, [view]) values ('6BOCZO7A', N'Chờ-iu Chill (Single)', N'https://photo-resize-zmp3.zmdcdn.me/w165_r1x1_jpeg/cover/c/7/9/7/c7973cb366ba4ec074e45247ba460247.jpg', '2022-06-13', 0)
insert into Artist_Album (accountID, albumID) values ('IWZAOAIC', '6BOCZO7A')
insert into Artist_Album (accountID, albumID) values ('IW6W8IBB', '6BOCZO7A')
insert into AlbumGenre (genreID, albumID) values ('IWZ97FCD', '6BOCZO7A')
insert into AlbumGenre (genreID, albumID) values ('IWZ9Z08I', '6BOCZO7A')
