insert into Track(trackID, name, image, duration, mp3, albumID, [view]) values('ZZDI9B7U', N'Vì Mẹ Anh Bắt Chia Tay', N'https://photo-resize-zmp3.zmdcdn.me/w240_r1x1_jpeg/cover/1/b/8/9/1b8958017b04a663eb8c093905dd4d85.jpg', 262, N'/mp3/Vi-Me-Anh-Bat-Chia-Tay-Miu-Le-Karik-Chau-Dang-KhoaZZDI9B7U.mp3', N'6BOEEZ99', 0);
insert into GenreOfTrack(genreID, trackID) values('IWZ9Z08I', 'ZZDI9B7U');
insert into GenreOfTrack(genreID, trackID) values('IWZ97FCD', 'ZZDI9B7U');
insert into ArtistTrack(artistID, trackID) values('IWZ96IAC', 'ZZDI9B7U');
insert into ArtistTrack(artistID, trackID) values('IWZ96F6O', 'ZZDI9B7U');
insert into ArtistTrack(artistID, trackID) values('IWZA0CI6', 'ZZDI9B7U');
insert into Track(trackID, name, image, duration, mp3, albumID, [view]) values('ZZDFBFD8', N'Em Nên Dừng Lại', N'https://photo-resize-zmp3.zmdcdn.me/w240_r1x1_jpeg/cover/b/0/c/8/b0c8399ab4bf53e7eb1285ee1e8aaa32.jpg', 368, N'/mp3/Em-Nen-Dung-Lai-Khang-VietZZDFBFD8.mp3', N'6BUZO7BW', 0);
insert into GenreOfTrack(genreID, trackID) values('IWZ97FCD', 'ZZDFBFD8');
insert into GenreOfTrack(genreID, trackID) values('IWZ9Z08I', 'ZZDFBFD8');
insert into ArtistTrack(artistID, trackID) values('IWZ9ZB7D', 'ZZDFBFD8');
insert into Track(trackID, name, image, duration, mp3, albumID, [view]) values('ZZDZW6Z8', N'Khác Biệt To Lớn Hơn', N'https://photo-resize-zmp3.zmdcdn.me/w240_r1x1_jpeg/cover/4/d/b/d/4dbd67a17030e72c036a9f98bd7ca325.jpg', 253, N'/mp3/Khac-Biet-To-Lon-Hon-Trinh-Thang-Binh-Liz-Kim-CuongZZDZW6Z8.mp3', N'6BU0UAAO', 0);
insert into GenreOfTrack(genreID, trackID) values('IWZ9Z08I', 'ZZDZW6Z8');
insert into GenreOfTrack(genreID, trackID) values('IWZ97FCD', 'ZZDZW6Z8');
insert into ArtistTrack(artistID, trackID) values('IWZ9ZD8A', 'ZZDZW6Z8');
insert into ArtistTrack(artistID, trackID) values('IWZD7UI6', 'ZZDZW6Z8');
insert into Track(trackID, name, image, duration, mp3, albumID, [view]) values('ZZBAFF60', N'Xin Má Rước Dâu', N'https://photo-resize-zmp3.zmdcdn.me/w240_r1x1_jpeg/cover/c/4/4/c/c44c3822217d8775780358df759f126d.jpg', 190, N'/mp3/Xin-Ma-Ruoc-Dau-Dieu-KienZZBAFF60.mp3', N'6BOU8CIE', 0);
insert into GenreOfTrack(genreID, trackID) values('IWZ97FCD', 'ZZBAFF60');
insert into GenreOfTrack(genreID, trackID) values('IWZ9Z08I', 'ZZBAFF60');
insert into ArtistTrack(artistID, trackID) values('IW6Z8UUB', 'ZZBAFF60');
insert into Track(trackID, name, image, duration, mp3, albumID, [view]) values('ZZD8B78A', N'Nhất Em Rồi', N'https://photo-resize-zmp3.zmdcdn.me/w240_r1x1_jpeg/cover/f/f/b/d/ffbd4e7d4293626473154506d3208423.jpg', 256, N'/mp3/Nhat-Em-Roi-Nguyen-Phi-Hai-YanKid-HOA-HONG-DAI-MUSICZZD8B78A.mp3', N'6BUIFWUO', 0);
insert into GenreOfTrack(genreID, trackID) values('IWZ9Z08I', 'ZZD8B78A');
insert into GenreOfTrack(genreID, trackID) values('IWZ97FCD', 'ZZD8B78A');
insert into ArtistTrack(artistID, trackID) values('IW76UWF7', 'ZZD8B78A');
insert into ArtistTrack(artistID, trackID) values('IW6ZDUBE', 'ZZD8B78A');
insert into ArtistTrack(artistID, trackID) values('IW76DFBF', 'ZZD8B78A');
insert into Track(trackID, name, image, duration, mp3, albumID, [view]) values('ZZDBA8BE', N'Nếu Gọi Nhau Là Anh Em', N'https://photo-resize-zmp3.zmdcdn.me/w240_r1x1_jpeg/cover/b/1/8/d/b18d2c6ab41a7190fedde41bc05f8522.jpg', 304, N'/mp3/Neu-Goi-Nhau-La-Anh-Em-Du-Thien-Dat-VillaZZDBA8BE.mp3', N'6BUOUB7W', 0);
insert into GenreOfTrack(genreID, trackID) values('IWZ97FCD', 'ZZDBA8BE');
insert into GenreOfTrack(genreID, trackID) values('IWZ9Z08I', 'ZZDBA8BE');
insert into ArtistTrack(artistID, trackID) values('IWZ97ID6', 'ZZDBA8BE');
insert into ArtistTrack(artistID, trackID) values('IW77DAWD', 'ZZDBA8BE');
insert into Track(trackID, name, image, duration, mp3, albumID, [view]) values('ZZDZ0I6D', N'Chỉ Cần Có Em', N'https://photo-resize-zmp3.zmdcdn.me/w240_r1x1_jpeg/cover/2/4/1/d/241d3b8aa26111306a49d0143754e205.jpg', 245, N'/mp3/Chi-Can-Co-Em-Duong-EdwardZZDZ0I6D.mp3', N'6BU0OD7U', 0);
insert into GenreOfTrack(genreID, trackID) values('IWZ97FCD', 'ZZDZ0I6D');
insert into GenreOfTrack(genreID, trackID) values('IWZ9Z08I', 'ZZDZ0I6D');
insert into ArtistTrack(artistID, trackID) values('IWZ97FE0', 'ZZDZ0I6D');
insert into Track(trackID, name, image, duration, mp3, albumID, [view]) values('ZZD8CACE', N'Càng Đơn Thuần Càng Bền Lâu', N'https://photo-resize-zmp3.zmdcdn.me/w240_r1x1_jpeg/cover/3/c/1/2/3c12f851fb3d5f7e05c7bf45d075760b.jpg', 235, N'/mp3/Cang-Don-Thuan-Cang-Ben-Lau-Ly-Tuan-Kiet-Linh-RinZZD8CACE.mp3', N'6BUIFA6F', 0);
insert into GenreOfTrack(genreID, trackID) values('IWZ97FCD', 'ZZD8CACE');
insert into GenreOfTrack(genreID, trackID) values('IWZ9Z08I', 'ZZD8CACE');
insert into ArtistTrack(artistID, trackID) values('IWZ980FB', 'ZZD8CACE');
insert into ArtistTrack(artistID, trackID) values('IW6ZBCU7', 'ZZD8CACE');
insert into Track(trackID, name, image, duration, mp3, albumID, [view]) values('ZZBUE7ZA', N'Thương Em', N'https://photo-resize-zmp3.zmdcdn.me/w240_r1x1_jpeg/cover/b/0/0/3/b003deb65962e3b9b5f61f21f2f375ba.jpg', 300, N'/mp3/Thuong-Em-Chau-Khai-Phong-ACVZZBUE7ZA.mp3', N'6BOI6O8E', 0);
insert into GenreOfTrack(genreID, trackID) values('IWZ9Z08I', 'ZZBUE7ZA');
insert into GenreOfTrack(genreID, trackID) values('IWZ97FCD', 'ZZBUE7ZA');
insert into ArtistTrack(artistID, trackID) values('IWZ976C7', 'ZZBUE7ZA');
insert into ArtistTrack(artistID, trackID) values('IW6ZAAB8', 'ZZBUE7ZA');
insert into Track(trackID, name, image, duration, mp3, albumID, [view]) values('ZZDB9IC0', N'Người Quan Tâm Em Nhất', N'https://photo-resize-zmp3.zmdcdn.me/w240_r1x1_jpeg/cover/4/6/4/0/4640041066cc91fd33736a4da898ba21.jpg', 260, N'/mp3/Nguoi-Quan-Tam-Em-Nhat-Dinh-Dai-VuZZDB9IC0.mp3', N'6BUOUI96', 0);
insert into GenreOfTrack(genreID, trackID) values('IWZ97FCD', 'ZZDB9IC0');
insert into GenreOfTrack(genreID, trackID) values('IWZ9Z08I', 'ZZDB9IC0');
insert into ArtistTrack(artistID, trackID) values('IWZAW9DE', 'ZZDB9IC0');
insert into Track(trackID, name, image, duration, mp3, albumID, [view]) values('ZZDA9IC8', N'Làm Bạn Với Cô Đơn', N'https://photo-resize-zmp3.zmdcdn.me/w240_r1x1_jpeg/cover/8/e/5/7/8e574cd1e9eca94c8c9c133dd764fa7f.jpg', 325, N'/mp3/Lam-Ban-Voi-Co-Don-Dinh-NguyenZZDA9IC8.mp3', N'6BUWCOA0', 0);
insert into GenreOfTrack(genreID, trackID) values('IWZ97FCD', 'ZZDA9IC8');
insert into GenreOfTrack(genreID, trackID) values('IWZ9Z08I', 'ZZDA9IC8');
insert into ArtistTrack(artistID, trackID) values('IW77UC79', 'ZZDA9IC8');
insert into Track(trackID, name, image, duration, mp3, albumID, [view]) values('ZZC7BEII', N'Shay Nắnggg', N'https://photo-resize-zmp3.zmdcdn.me/w240_r1x1_jpeg/cover/7/0/8/4/7084f2cd75ebf35936af4d1c878e1abe.jpg', 208, N'/mp3/Shay-Nanggg-AMEE-ObitoZZC7BEII.mp3', N'6BOAOU8E', 0);
insert into GenreOfTrack(genreID, trackID) values('IWZ9Z08I', 'ZZC7BEII');
insert into GenreOfTrack(genreID, trackID) values('IWZ97FCD', 'ZZC7BEII');
insert into ArtistTrack(artistID, trackID) values('IW6WBZWO', 'ZZC7BEII');
insert into ArtistTrack(artistID, trackID) values('IW6Z6DUA', 'ZZC7BEII');
insert into Track(trackID, name, image, duration, mp3, albumID, [view]) values('ZZDA60O8', N'Một Ngàn Nỗi Đau', N'https://photo-resize-zmp3.zmdcdn.me/w240_r1x1_jpeg/cover/0/8/8/5/0885c3d5fa3ad0b1322f40257aa6fe75.jpg', 322, N'/mp3/Mot-Ngan-Noi-Dau-Van-Mai-Huong-Hua-Kim-TuyenZZDA60O8.mp3', N'6BUWA9WW', 0);
insert into GenreOfTrack(genreID, trackID) values('IWZ97FCD', 'ZZDA60O8');
insert into GenreOfTrack(genreID, trackID) values('IWZ9Z08I', 'ZZDA60O8');
insert into ArtistTrack(artistID, trackID) values('IWZ96C8U', 'ZZDA60O8');
insert into ArtistTrack(artistID, trackID) values('IWZCOZ0I', 'ZZDA60O8');
insert into Track(trackID, name, image, duration, mp3, albumID, [view]) values('ZZAFI9IZ', N'Vũ Trụ Trong Anh', N'https://photo-resize-zmp3.zmdcdn.me/w240_r1x1_jpeg/cover/4/1/4/8/41488217c31b072ee8950b9993bd8825.jpg', 237, N'/mp3/Vu-Tru-Trong-Anh-Hoang-LanZZAFI9IZ.mp3', N'6BWDFUOB', 0);
insert into GenreOfTrack(genreID, trackID) values('IWZ9Z08I', 'ZZAFI9IZ');
insert into GenreOfTrack(genreID, trackID) values('IWZ97FCD', 'ZZAFI9IZ');
insert into ArtistTrack(artistID, trackID) values('IWZAF98B', 'ZZAFI9IZ');
insert into Track(trackID, name, image, duration, mp3, albumID, [view]) values('ZZDD7DOB', N'Lời Hứa Xa Vời', N'https://photo-resize-zmp3.zmdcdn.me/w240_r1x1_jpeg/cover/c/e/c/2/cec24ceae097062101b28e0b9e832be7.jpg', 301, N'/mp3/Loi-Hua-Xa-Voi-Dang-Ngoc-Thai-HOA-HONG-DAI-MUSICZZDD7DOB.mp3', N'6BUUO88Z', 0);
insert into GenreOfTrack(genreID, trackID) values('IWZ97FCD', 'ZZDD7DOB');
insert into GenreOfTrack(genreID, trackID) values('IWZ9Z08I', 'ZZDD7DOB');
insert into ArtistTrack(artistID, trackID) values('IW7B6866', 'ZZDD7DOB');
insert into ArtistTrack(artistID, trackID) values('IW76DFBF', 'ZZDD7DOB');
insert into Track(trackID, name, image, duration, mp3, albumID, [view]) values('ZZDDB8BF', N'Thương Lắm Em Ơi', N'https://photo-resize-zmp3.zmdcdn.me/w240_r1x1_jpeg/cover/f/6/e/b/f6ebb8dfcd9ca4dfba61b06c118854e4.jpg', 305, N'/mp3/Thuong-Lam-Em-Oi-Le-Hai-Khang-Blue-HOA-HONG-DAI-MUSICZZDDB8BF.mp3', N'6BUUZI8D', 0);
insert into GenreOfTrack(genreID, trackID) values('IWZ9Z08I', 'ZZDDB8BF');
insert into GenreOfTrack(genreID, trackID) values('IWZ97FCD', 'ZZDDB8BF');
insert into ArtistTrack(artistID, trackID) values('IW6W7AC7', 'ZZDDB8BF');
insert into ArtistTrack(artistID, trackID) values('IW7B6DOB', 'ZZDDB8BF');
insert into ArtistTrack(artistID, trackID) values('IW76DFBF', 'ZZDDB8BF');
insert into Track(trackID, name, image, duration, mp3, albumID, [view]) values('ZZBFZ0F8', N'hai mươi hai (22)', N'https://photo-resize-zmp3.zmdcdn.me/w240_r1x1_jpeg/cover/b/6/d/e/b6de6c0857b19e1c921f2d379817d491.jpg', 239, N'/mp3/hai-muoi-hai-22-Hua-Kim-Tuyen-AMEEZZBFZ0F8.mp3', N'6BO6AU68', 0);
insert into GenreOfTrack(genreID, trackID) values('IWZ9Z08I', 'ZZBFZ0F8');
insert into GenreOfTrack(genreID, trackID) values('IWZ97FCD', 'ZZBFZ0F8');
insert into ArtistTrack(artistID, trackID) values('IWZCOZ0I', 'ZZBFZ0F8');
insert into ArtistTrack(artistID, trackID) values('IW6WBZWO', 'ZZBFZ0F8');
insert into Track(trackID, name, image, duration, mp3, albumID, [view]) values('ZZDO87CU', N'Chờ Quá Lâu', N'https://photo-resize-zmp3.zmdcdn.me/w240_r1x1_jpeg/cover/5/4/7/4/5474f725c68ef99234147ed45df16ec8.jpg', 295, N'/mp3/Cho-Qua-Lau-Le-Bao-BinhZZDO87CU.mp3', N'6BOF7CC0', 0);
insert into GenreOfTrack(genreID, trackID) values('IWZ97FCD', 'ZZDO87CU');
insert into GenreOfTrack(genreID, trackID) values('IWZ9Z08I', 'ZZDO87CU');
insert into ArtistTrack(artistID, trackID) values('IWZ9B08F', 'ZZDO87CU');
insert into Track(trackID, name, image, duration, mp3, albumID, [view]) values('ZZ8FBUW9', N'Đám Cưới Nha?', N'https://photo-resize-zmp3.zmdcdn.me/w240_r1x1_jpeg/cover/5/b/8/b/5b8b7cd3d1434afa3b2b9854efdc8756.jpg', 175, N'/mp3/Dam-Cuoi-Nha-Hong-Thanh-DJ-MieZZ8FBUW9.mp3', N'6BIFUZ9E', 0);
insert into GenreOfTrack(genreID, trackID) values('IWZ9Z08I', 'ZZ8FBUW9');
insert into GenreOfTrack(genreID, trackID) values('IWZ97FCD', 'ZZ8FBUW9');
insert into ArtistTrack(artistID, trackID) values('IW67C6FD', 'ZZ8FBUW9');
insert into ArtistTrack(artistID, trackID) values('IWZD6FED', 'ZZ8FBUW9');
insert into Track(trackID, name, image, duration, mp3, albumID, [view]) values('ZZDWA6AE', N'Thiêu Thân', N'https://photo-resize-zmp3.zmdcdn.me/w240_r1x1_jpeg/cover/f/e/5/6/fe5659fe70dd215e616b784bd19751b5.jpg', 199, N'/mp3/Thieu-Than-B-Ray-SofiaZZDWA6AE.mp3', N'6BOF0CWO', 0);
insert into GenreOfTrack(genreID, trackID) values('IWZ9Z089', 'ZZDWA6AE');
insert into GenreOfTrack(genreID, trackID) values('IWZ9Z08I', 'ZZDWA6AE');
insert into ArtistTrack(artistID, trackID) values('IWZAOAZZ', 'ZZDWA6AE');
insert into ArtistTrack(artistID, trackID) values('IW760F7I', 'ZZDWA6AE');
insert into Track(trackID, name, image, duration, mp3, albumID, [view]) values('ZZDUOIA6', N'vaicaunoicokhiennguoithaydoi', N'https://photo-resize-zmp3.zmdcdn.me/w240_r1x1_jpeg/cover/4/5/1/e/451edeb56e86f4128d78323957b610ea.jpg', 226, N'/mp3/vaicaunoicokhiennguoithaydoi-GREY-D-tlinhZZDUOIA6.mp3', N'6BOFDZFZ', 0);
insert into GenreOfTrack(genreID, trackID) values('IWZ9Z08I', 'ZZDUOIA6');
insert into GenreOfTrack(genreID, trackID) values('IWZ97FCD', 'ZZDUOIA6');
insert into ArtistTrack(artistID, trackID) values('IWZCOUW8', 'ZZDUOIA6');
insert into ArtistTrack(artistID, trackID) values('IW68Z8DW', 'ZZDUOIA6');
insert into Track(trackID, name, image, duration, mp3, albumID, [view]) values('ZZBZA009', N'Có Không Giữ Mất Đừng Tìm', N'https://photo-resize-zmp3.zmdcdn.me/w240_r1x1_jpeg/cover/0/3/9/7/0397842eb359d014b1928c3a7ff7d548.jpg', 216, N'/mp3/Co-Khong-Giu-Mat-Dung-Tim-Truc-NhanZZBZA009.mp3', N'6BOIC7A7', 0);
insert into GenreOfTrack(genreID, trackID) values('IWZ97FCD', 'ZZBZA009');
insert into GenreOfTrack(genreID, trackID) values('IWZ9Z08I', 'ZZBZA009');
insert into ArtistTrack(artistID, trackID) values('IWZ99A86', 'ZZBZA009');
insert into Track(trackID, name, image, duration, mp3, albumID, [view]) values('ZZDBOF60', N'Nếu Như Không Là Duyên', N'https://photo-resize-zmp3.zmdcdn.me/w240_r1x1_jpeg/cover/2/a/a/8/2aa8e107939019907fa481ea2efada49.jpg', 315, N'/mp3/Neu-Nhu-Khong-La-Duyen-Quyn-SiZZDBOF60.mp3', N'6BUOIZCB', 0);
insert into GenreOfTrack(genreID, trackID) values('IWZ97FCD', 'ZZDBOF60');
insert into GenreOfTrack(genreID, trackID) values('IWZ9Z08I', 'ZZDBOF60');
insert into ArtistTrack(artistID, trackID) values('IW6ZAIBA', 'ZZDBOF60');
insert into Track(trackID, name, image, duration, mp3, albumID, [view]) values('ZZA9OZIO', N'Chờ Ngày Cưới Em', N'https://photo-resize-zmp3.zmdcdn.me/w240_r1x1_jpeg/cover/3/8/6/8/38682a9b538219105ff3323d9d6efbb9.jpg', 263, N'/mp3/Cho-Ngay-Cuoi-Em-Phat-Ho-Huong-Ly-X2XZZA9OZIO.mp3', N'6BWBI8DW', 0);
insert into GenreOfTrack(genreID, trackID) values('IWZ9Z08I', 'ZZA9OZIO');
insert into GenreOfTrack(genreID, trackID) values('IWZ97FCD', 'ZZA9OZIO');
insert into ArtistTrack(artistID, trackID) values('IW67D9EI', 'ZZA9OZIO');
insert into ArtistTrack(artistID, trackID) values('IW6ZO9UB', 'ZZA9OZIO');
insert into ArtistTrack(artistID, trackID) values('IW6Z6EU7', 'ZZA9OZIO');
insert into Track(trackID, name, image, duration, mp3, albumID, [view]) values('ZZAFWE8Z', N'Thương Em Lắm', N'https://photo-resize-zmp3.zmdcdn.me/w240_r1x1_jpeg/cover/b/9/0/1/b9014499063b9fd0a5292a5d797edd65.jpg', 201, N'/mp3/Thuong-Em-Lam-Tan-CheZZAFWE8Z.mp3', N'6BWFADF8', 0);
insert into GenreOfTrack(genreID, trackID) values('IWZ9Z08I', 'ZZAFWE8Z');
insert into GenreOfTrack(genreID, trackID) values('IWZ97FCD', 'ZZAFWE8Z');
insert into ArtistTrack(artistID, trackID) values('IW78BD97', 'ZZAFWE8Z');
insert into Track(trackID, name, image, duration, mp3, albumID, [view]) values('ZZCZCWCW', N'Nhìn Mây Vẽ Người', N'https://photo-resize-zmp3.zmdcdn.me/w240_r1x1_jpeg/cover/1/9/d/8/19d8b42b0aa5a00084d29c06a62556c7.jpg', 213, N'/mp3/Nhin-May-Ve-Nguoi-Huong-Ly-Jombie-LY-MZZCZCWCW.mp3', N'6BO96UE0', 0);
insert into GenreOfTrack(genreID, trackID) values('IWZ9Z08I', 'ZZCZCWCW');
insert into GenreOfTrack(genreID, trackID) values('IWZ97FCD', 'ZZCZCWCW');
insert into ArtistTrack(artistID, trackID) values('IW6ZO9UB', 'ZZCZCWCW');
insert into ArtistTrack(artistID, trackID) values('IWZ9DFA6', 'ZZCZCWCW');
insert into ArtistTrack(artistID, trackID) values('IW7AOFZ0', 'ZZCZCWCW');
insert into Track(trackID, name, image, duration, mp3, albumID, [view]) values('ZZDBZWZI', N'Hết Sảy Miền Tây', N'https://photo-resize-zmp3.zmdcdn.me/w240_r1x1_jpeg/cover/9/a/0/a/9a0af1b65bd4985149959020f0a0bb3e.jpg', 240, N'/mp3/Het-Say-Mien-Tay-Tracy-Thao-MyZZDBZWZI.mp3', N'6BUOIF0D', 0);
insert into GenreOfTrack(genreID, trackID) values('IWZ97FCD', 'ZZDBZWZI');
insert into GenreOfTrack(genreID, trackID) values('IWZ9Z08I', 'ZZDBZWZI');
insert into ArtistTrack(artistID, trackID) values('IWZAZWIC', 'ZZDBZWZI');
insert into Track(trackID, name, image, duration, mp3, albumID, [view]) values('ZZD60DD8', N'Call Girl (Lofi Version)', N'https://photo-resize-zmp3.zmdcdn.me/w240_r1x1_jpeg/cover/6/2/8/8/6288e13e37372c8e18eb2d062a54eab8.jpg', 198, N'/mp3/Call-Girl-Lofi-Version-Trung-Tu-GAOTHOMZZD60DD8.mp3', N'6BUI8CE9', 0);
insert into GenreOfTrack(genreID, trackID) values('IWZ97FCD', 'ZZD60DD8');
insert into GenreOfTrack(genreID, trackID) values('IWZ9Z08I', 'ZZD60DD8');
insert into ArtistTrack(artistID, trackID) values('IWZ9E9AW', 'ZZD60DD8');
insert into ArtistTrack(artistID, trackID) values('IW7B0BUO', 'ZZD60DD8');
insert into Track(trackID, name, image, duration, mp3, albumID, [view]) values('ZZA07BED', N'Sau Lưng Anh Có Ai Kìa', N'https://photo-resize-zmp3.zmdcdn.me/w240_r1x1_jpeg/cover/1/8/0/7/1807c6b5fcc7058a14e1a288801221c7.jpg', 303, N'/mp3/Sau-Lung-Anh-Co-Ai-Kia-Thieu-Bao-TramZZA07BED.mp3', N'6BW6BOFO', 0);
insert into GenreOfTrack(genreID, trackID) values('IWZ9Z08I', 'ZZA07BED');
insert into GenreOfTrack(genreID, trackID) values('IWZ97FCD', 'ZZA07BED');
insert into ArtistTrack(artistID, trackID) values('IWZ9COWZ', 'ZZA07BED');
insert into Track(trackID, name, image, duration, mp3, albumID, [view]) values('ZZDFDAC0', N'Trăng Khuất', N'https://photo-resize-zmp3.zmdcdn.me/w240_r1x1_jpeg/cover/c/9/4/c/c94c1d73c9be81bd481bc907c5a51e71.jpg', 199, N'/mp3/Trang-Khuat-Van-JPZZDFDAC0.mp3', N'6BUZU6B9', 0);
insert into GenreOfTrack(genreID, trackID) values('IWZ9Z08I', 'ZZDFDAC0');
insert into GenreOfTrack(genreID, trackID) values('IWZ9Z089', 'ZZDFDAC0');
insert into ArtistTrack(artistID, trackID) values('IW68Z8UC', 'ZZDFDAC0');
insert into Track(trackID, name, image, duration, mp3, albumID, [view]) values('ZZD8CB6B', N'Tối Qua Em Ở Đâu', N'https://photo-resize-zmp3.zmdcdn.me/w240_r1x1_jpeg/cover/d/7/1/6/d71651c38f4a1bcce274dd15090aca21.jpg', 295, N'/mp3/Toi-Qua-Em-O-Dau-Dinh-Tung-Huy-ACVZZD8CB6B.mp3', N'6BUIFAFO', 0);
insert into GenreOfTrack(genreID, trackID) values('IWZ9Z08I', 'ZZD8CB6B');
insert into GenreOfTrack(genreID, trackID) values('IWZ97FCD', 'ZZD8CB6B');
insert into ArtistTrack(artistID, trackID) values('IWZA6F8I', 'ZZD8CB6B');
insert into ArtistTrack(artistID, trackID) values('IW6ZAAB8', 'ZZD8CB6B');
insert into Track(trackID, name, image, duration, mp3, albumID, [view]) values('ZZAEUA67', N'Thương Quá Xá', N'https://photo-resize-zmp3.zmdcdn.me/w240_r1x1_jpeg/cover/6/7/e/e/67eed04b534a4304fb63be182220c54c.jpg', 251, N'/mp3/Thuong-Qua-Xa-Hoon-G5R-SquadZZAEUA67.mp3', N'6BWD9ODI', 0);
insert into GenreOfTrack(genreID, trackID) values('IWZ9Z08I', 'ZZAEUA67');
insert into GenreOfTrack(genreID, trackID) values('IWZ97FCD', 'ZZAEUA67');
insert into ArtistTrack(artistID, trackID) values('IW760DEI', 'ZZAEUA67');
insert into ArtistTrack(artistID, trackID) values('IW6ZU880', 'ZZAEUA67');
insert into Track(trackID, name, image, duration, mp3, albumID, [view]) values('ZZE06D8D', N'Xuất Giá', N'https://photo-resize-zmp3.zmdcdn.me/w240_r1x1_jpeg/cover/4/9/8/6/4986aeeced8c976748855272d15d5e7c.jpg', 258, N'/mp3/Xuat-Gia-KeyoZZE06D8D.mp3', N'6BUZ8EEU', 0);
insert into GenreOfTrack(genreID, trackID) values('IWZ97FCD', 'ZZE06D8D');
insert into GenreOfTrack(genreID, trackID) values('IWZ9Z08I', 'ZZE06D8D');
insert into ArtistTrack(artistID, trackID) values('IW6UF090', 'ZZE06D8D');
insert into Track(trackID, name, image, duration, mp3, albumID, [view]) values('ZZE06996', N'Đơn Phương Mình Anh', N'https://photo-resize-zmp3.zmdcdn.me/w240_r1x1_jpeg/cover/6/9/c/d/69cdc9205f55c49047eaa4a6739a231d.jpg', 283, N'/mp3/Don-Phuong-Minh-Anh-Linh-Tuoi-Thin-LQZZE06996.mp3', N'6BUZ8CUE', 0);
insert into GenreOfTrack(genreID, trackID) values('IWZ97FCD', 'ZZE06996');
insert into GenreOfTrack(genreID, trackID) values('IWZ9Z08I', 'ZZE06996');
insert into ArtistTrack(artistID, trackID) values('IW7B809B', 'ZZE06996');
insert into ArtistTrack(artistID, trackID) values('IW7ZC9UE', 'ZZE06996');
insert into Track(trackID, name, image, duration, mp3, albumID, [view]) values('ZZ9DI6FU', N'Bao Giờ Kết Hôn', N'https://photo-resize-zmp3.zmdcdn.me/w240_r1x1_jpeg/cover/1/a/4/8/1a481c79381a770368bb065548005b67.jpg', 212, N'/mp3/Bao-Gio-Ket-Hon-Ly-Tuan-Kiet-The-MinhZZ9DI6FU.mp3', N'6BWZWI0D', 0);
insert into GenreOfTrack(genreID, trackID) values('IWZ9Z08I', 'ZZ9DI6FU');
insert into GenreOfTrack(genreID, trackID) values('IWZ97FCD', 'ZZ9DI6FU');
insert into ArtistTrack(artistID, trackID) values('IWZ980FB', 'ZZ9DI6FU');
insert into ArtistTrack(artistID, trackID) values('IW6WABWA', 'ZZ9DI6FU');
insert into Track(trackID, name, image, duration, mp3, albumID, [view]) values('ZZC7B6I8', N'Sóng Gió Cứ Để Anh Lo', N'https://photo-resize-zmp3.zmdcdn.me/w240_r1x1_jpeg/cover/c/7/b/0/c7b0bc2879e6a712b0bc591bc5af456f.jpg', 288, N'/mp3/Song-Gio-Cu-De-Anh-Lo-Dat-Villa-Thien-AnZZC7B6I8.mp3', N'6BOAOIIW', 0);
insert into GenreOfTrack(genreID, trackID) values('IWZ9Z08I', 'ZZC7B6I8');
insert into GenreOfTrack(genreID, trackID) values('IWZ97FCD', 'ZZC7B6I8');
insert into ArtistTrack(artistID, trackID) values('IW77DAWD', 'ZZC7B6I8');
insert into ArtistTrack(artistID, trackID) values('IW6Z6FUI', 'ZZC7B6I8');
insert into Track(trackID, name, image, duration, mp3, albumID, [view]) values('ZZ9ADICA', N'Đám Cưới Miền Tây', N'https://photo-resize-zmp3.zmdcdn.me/w240_r1x1_jpeg/cover/f/3/7/d/f37d5a62940a5d06c350eba2285b523d.jpg', 225, N'/mp3/Dam-Cuoi-Mien-Tay-Hana-Cam-Tien-BD-MediaZZ9ADICA.mp3', N'6BWZIEZF', 0);
insert into GenreOfTrack(genreID, trackID) values('IWZ9Z08I', 'ZZ9ADICA');
insert into GenreOfTrack(genreID, trackID) values('IWZ97FCD', 'ZZ9ADICA');
insert into ArtistTrack(artistID, trackID) values('IW67CWB0', 'ZZ9ADICA');
insert into ArtistTrack(artistID, trackID) values('IW77IAZE', 'ZZ9ADICA');
insert into Track(trackID, name, image, duration, mp3, albumID, [view]) values('ZZBAWCCZ', N'Không Thể Yêu, Không Thể Quên', N'https://photo-resize-zmp3.zmdcdn.me/w240_r1x1_jpeg/cover/7/f/3/5/7f353f61642fa8b40c807578a7485ab4.jpg', 333, N'/mp3/Khong-The-Yeu-Khong-The-Quen-Khang-VietZZBAWCCZ.mp3', N'6BOUO6BU', 0);
insert into GenreOfTrack(genreID, trackID) values('IWZ9Z08I', 'ZZBAWCCZ');
insert into GenreOfTrack(genreID, trackID) values('IWZ97FCD', 'ZZBAWCCZ');
insert into ArtistTrack(artistID, trackID) values('IWZ9ZB7D', 'ZZBAWCCZ');
insert into Track(trackID, name, image, duration, mp3, albumID, [view]) values('ZZDB9868', N'Chạy Khỏi Thế Giới Này', N'https://photo-resize-zmp3.zmdcdn.me/w240_r1x1_jpeg/cover/5/b/9/6/5b96fdda0362a6b85fe54c4ce1d58e0b.jpg', 255, N'/mp3/Chay-Khoi-The-Gioi-Nay-Da-LAB-Phuong-LyZZDB9868.mp3', N'6BUOUU0Z', 0);
insert into GenreOfTrack(genreID, trackID) values('IWZ97FCD', 'ZZDB9868');
insert into GenreOfTrack(genreID, trackID) values('IWZ9Z08I', 'ZZDB9868');
insert into ArtistTrack(artistID, trackID) values('IWZAWB8O', 'ZZDB9868');
insert into ArtistTrack(artistID, trackID) values('IWZAUDWA', 'ZZDB9868');
insert into Track(trackID, name, image, duration, mp3, albumID, [view]) values('ZZDI7978', N'Bằng Lăng Nở Hoa', N'https://photo-resize-zmp3.zmdcdn.me/w240_r1x1_jpeg/cover/6/8/2/5/6825cac216a2e2c5e54c183862ba6abd.jpg', 235, N'/mp3/Bang-Lang-No-Hoa-Anh-Rong-G5R-SquadZZDI7978.mp3', N'6BOE8UO9', 0);
insert into GenreOfTrack(genreID, trackID) values('IWZ9Z08I', 'ZZDI7978');
insert into GenreOfTrack(genreID, trackID) values('IWZ97FCD', 'ZZDI7978');
insert into ArtistTrack(artistID, trackID) values('IW6AC6UD', 'ZZDI7978');
insert into ArtistTrack(artistID, trackID) values('IW6ZU880', 'ZZDI7978');
insert into Track(trackID, name, image, duration, mp3, albumID, [view]) values('ZZUB0I0E', N'Chạy Về Nơi Phía Anh', N'https://photo-resize-zmp3.zmdcdn.me/w240_r1x1_jpeg/cover/6/3/0/d/630d20b0a79917e1545b4e2ada081040.jpg', 181, N'/mp3/Chay-Ve-Noi-Phia-Anh-Khac-VietZZUB0I0E.mp3', N'6AC7UFWI', 0);
insert into GenreOfTrack(genreID, trackID) values('IWZ9Z08I', 'ZZUB0I0E');
insert into GenreOfTrack(genreID, trackID) values('IWZ97FCD', 'ZZUB0I0E');
insert into ArtistTrack(artistID, trackID) values('IWZ9ZB76', 'ZZUB0I0E');
insert into Track(trackID, name, image, duration, mp3, albumID, [view]) values('ZZBBOZEC', N'Đoạn Tuyệt Nàng Đi (Lofi Version)', N'https://photo-resize-zmp3.zmdcdn.me/w240_r1x1_jpeg/cover/7/9/4/5/7945def0b61a268a8c5deff6bdb98346.jpg', 245, N'/mp3/Doan-Tuyet-Nang-Di-Lofi-Version-Phat-Huy-T4ZZBBOZEC.mp3', N'6BOUAZ8O', 0);
insert into GenreOfTrack(genreID, trackID) values('IWZ97FCD', 'ZZBBOZEC');
insert into GenreOfTrack(genreID, trackID) values('IWZ9Z08I', 'ZZBBOZEC');
insert into ArtistTrack(artistID, trackID) values('IW6ACZZE', 'ZZBBOZEC');
insert into Track(trackID, name, image, duration, mp3, albumID, [view]) values('ZZBF87OO', N'Động Phòng Hoa Chúc', N'https://photo-resize-zmp3.zmdcdn.me/w240_r1x1_jpeg/cover/d/6/3/5/d635b00ae306af873124f88194e47196.jpg', 236, N'/mp3/Dong-Phong-Hoa-Chuc-Lam-Chan-Khang-JombieZZBF87OO.mp3', N'6BO68FC7', 0);
insert into GenreOfTrack(genreID, trackID) values('IWZ97FCD', 'ZZBF87OO');
insert into GenreOfTrack(genreID, trackID) values('IWZ9Z08I', 'ZZBF87OO');
insert into ArtistTrack(artistID, trackID) values('IWZ9ZCAB', 'ZZBF87OO');
insert into ArtistTrack(artistID, trackID) values('IWZ9DFA6', 'ZZBF87OO');
insert into Track(trackID, name, image, duration, mp3, albumID, [view]) values('ZZ9OIWA0', N'Muốn Em Là', N'https://photo-resize-zmp3.zmdcdn.me/w240_r1x1_jpeg/cover/7/4/0/9/7409e051f6f27cb8e6d241654ebb20d3.jpg', 221, N'/mp3/Muon-Em-La-KeyoZZ9OIWA0.mp3', N'6BW07BAZ', 0);
insert into GenreOfTrack(genreID, trackID) values('IWZ9Z08I', 'ZZ9OIWA0');
insert into GenreOfTrack(genreID, trackID) values('IWZ97FCD', 'ZZ9OIWA0');
insert into ArtistTrack(artistID, trackID) values('IW6UF090', 'ZZ9OIWA0');
insert into Track(trackID, name, image, duration, mp3, albumID, [view]) values('ZZDO7ICU', N'Giọt Lệ Tình', N'https://photo-resize-zmp3.zmdcdn.me/w240_r1x1_jpeg/cover/3/d/5/e/3d5eada40492262eee1b4699643d8f55.jpg', 282, N'/mp3/Giot-Le-Tinh-Lam-Chan-KhangZZDO7ICU.mp3', N'6BOF7I98', 0);
insert into GenreOfTrack(genreID, trackID) values('IWZ97FCD', 'ZZDO7ICU');
insert into GenreOfTrack(genreID, trackID) values('IWZ9Z08I', 'ZZDO7ICU');
insert into ArtistTrack(artistID, trackID) values('IWZ9ZCAB', 'ZZDO7ICU');
insert into Track(trackID, name, image, duration, mp3, albumID, [view]) values('ZZAAAIDE', N'Tự Sự (Qua Bển Làm Chi OST)', N'https://photo-resize-zmp3.zmdcdn.me/w240_r1x1_jpeg/cover/4/f/3/f/4f3f75a2a24afa46061320e4933db442.jpg', 257, N'/mp3/Tu-Su-Qua-Ben-Lam-Chi-OST-OrangeZZAAAIDE.mp3', N'6BWBCBO7', 0);
insert into GenreOfTrack(genreID, trackID) values('IWZ9Z08I', 'ZZAAAIDE');
insert into GenreOfTrack(genreID, trackID) values('IWZ97FCD', 'ZZAAAIDE');
insert into ArtistTrack(artistID, trackID) values('IWZFFWB7', 'ZZAAAIDE');
insert into Track(trackID, name, image, duration, mp3, albumID, [view]) values('ZZDBZIIU', N'Nước Mắt Lưng Tròng', N'https://photo-resize-zmp3.zmdcdn.me/w240_r1x1_jpeg/cover/3/d/f/4/3df4a79c75c3407c9866d16c41cd57d6.jpg', 313, N'/mp3/Nuoc-Mat-Lung-Trong-Ngoc-Kara-Vuong-Anh-TuZZDBZIIU.mp3', N'6BUOIE7E', 0);
insert into GenreOfTrack(genreID, trackID) values('IWZ97FCD', 'ZZDBZIIU');
insert into GenreOfTrack(genreID, trackID) values('IWZ9Z08I', 'ZZDBZIIU');
insert into ArtistTrack(artistID, trackID) values('IW6OI6WA', 'ZZDBZIIU');
insert into ArtistTrack(artistID, trackID) values('IWZ9FE6A', 'ZZDBZIIU');
insert into Track(trackID, name, image, duration, mp3, albumID, [view]) values('ZZDUZA7U', N'Em Ngốc Quá', N'https://photo-resize-zmp3.zmdcdn.me/w240_r1x1_jpeg/cover/7/b/a/f/7baf07d4edc187774fa99105bd43a6a8.jpg', 299, N'/mp3/Em-Ngoc-Qua-Gia-Huy-SingerZZDUZA7U.mp3', N'6BOFE7C7', 0);
insert into GenreOfTrack(genreID, trackID) values('IWZ97FCD', 'ZZDUZA7U');
insert into GenreOfTrack(genreID, trackID) values('IWZ9Z08I', 'ZZDUZA7U');
insert into ArtistTrack(artistID, trackID) values('IWZFE9DB', 'ZZDUZA7U');
insert into Track(trackID, name, image, duration, mp3, albumID, [view]) values('ZZA09I0A', N'Hoa Điêu Thuyền', N'https://photo-resize-zmp3.zmdcdn.me/w240_r1x1_jpeg/cover/5/9/5/4/595403d740d1008221715a64cdb3ba24.jpg', 191, N'/mp3/Hoa-Dieu-Thuyen-Yamix-Hau-Ca-GauZZA09I0A.mp3', N'6BW6COWB', 0);
insert into GenreOfTrack(genreID, trackID) values('IWZ9Z08I', 'ZZA09I0A');
insert into GenreOfTrack(genreID, trackID) values('IWZ97FCD', 'ZZA09I0A');
insert into ArtistTrack(artistID, trackID) values('IW6ZU7E8', 'ZZA09I0A');
insert into ArtistTrack(artistID, trackID) values('IW76E777', 'ZZA09I0A');
insert into Track(trackID, name, image, duration, mp3, albumID, [view]) values('ZZ9ADZ0Z', N'May Mắn Khi Có Em', N'https://photo-resize-zmp3.zmdcdn.me/w240_r1x1_jpeg/cover/3/0/9/8/309880d36090dae9e8d72b17fd1a1785.jpg', 353, N'/mp3/May-Man-Khi-Co-Em-Dat-Villa-Pham-Sac-LenhZZ9ADZ0Z.mp3', N'6BWU88U7', 0);
insert into GenreOfTrack(genreID, trackID) values('IWZ9Z08I', 'ZZ9ADZ0Z');
insert into GenreOfTrack(genreID, trackID) values('IWZ97FCD', 'ZZ9ADZ0Z');
insert into ArtistTrack(artistID, trackID) values('IW77DAWD', 'ZZ9ADZ0Z');
insert into ArtistTrack(artistID, trackID) values('IW6ZB07B', 'ZZ9ADZ0Z');
insert into Track(trackID, name, image, duration, mp3, albumID, [view]) values('ZZ8WWED0', N'Thương Em Thiệt Hông?', N'https://photo-resize-zmp3.zmdcdn.me/w240_r1x1_jpeg/cover/7/e/0/4/7e04ffa6b96ca066c39575b7d89ec6ed.jpg', 245, N'/mp3/Thuong-Em-Thiet-Hong-Hana-Cam-Tien-Tracy-Thao-MyZZ8WWED0.mp3', N'6B0E7ZWE', 0);
insert into GenreOfTrack(genreID, trackID) values('IWZ9Z08I', 'ZZ8WWED0');
insert into GenreOfTrack(genreID, trackID) values('IWZ97FCD', 'ZZ8WWED0');
insert into ArtistTrack(artistID, trackID) values('IW67CWB0', 'ZZ8WWED0');
insert into ArtistTrack(artistID, trackID) values('IWZAZWIC', 'ZZ8WWED0');
insert into Track(trackID, name, image, duration, mp3, albumID, [view]) values('ZZAU7CAO', N'Trọn Vẹn Nghĩa Tình', N'https://photo-resize-zmp3.zmdcdn.me/w240_r1x1_jpeg/cover/f/c/8/7/fc8731ef0a79cdf73c3f30a0f01e4485.jpg', 240, N'/mp3/Tron-Ven-Nghia-Tinh-Ung-Hoang-Phuc-WowyZZAU7CAO.mp3', N'6BW8BBUC', 0);
insert into GenreOfTrack(genreID, trackID) values('IWZ9Z08I', 'ZZAU7CAO');
insert into GenreOfTrack(genreID, trackID) values('IWZ97FCD', 'ZZAU7CAO');
insert into ArtistTrack(artistID, trackID) values('IWZ9ZWI8', 'ZZAU7CAO');
insert into ArtistTrack(artistID, trackID) values('IWZ98WDB', 'ZZAU7CAO');
insert into Track(trackID, name, image, duration, mp3, albumID, [view]) values('ZZCB80FD', N'Tình Thu Sao Hạ Buồn', N'https://photo-resize-zmp3.zmdcdn.me/w240_r1x1_jpeg/cover/b/d/6/2/bd62e72009b1f5d8f488bb2940cbea81.jpg', 309, N'/mp3/Tinh-Thu-Sao-Ha-Buon-DatKaa-QT-BeatzZZCB80FD.mp3', N'6BOBD80Z', 0);
insert into GenreOfTrack(genreID, trackID) values('IWZ97FCD', 'ZZCB80FD');
insert into GenreOfTrack(genreID, trackID) values('IWZ9Z08I', 'ZZCB80FD');
insert into ArtistTrack(artistID, trackID) values('IW6ZBOW8', 'ZZCB80FD');
insert into ArtistTrack(artistID, trackID) values('IW6Z69FC', 'ZZCB80FD');
insert into Track(trackID, name, image, duration, mp3, albumID, [view]) values('ZZE070OZ', N'vào hạ', N'https://photo-resize-zmp3.zmdcdn.me/w240_r1x1_jpeg/cover/d/1/7/e/d17ea4144c17acf6159da67d8b34ffce.jpg', 197, N'/mp3/vao-ha-Suni-Ha-LinhZZE070OZ.mp3', N'6BUZ8FB6', 0);
insert into GenreOfTrack(genreID, trackID) values('IWZ97FCD', 'ZZE070OZ');
insert into GenreOfTrack(genreID, trackID) values('IWZ9Z08I', 'ZZE070OZ');
insert into ArtistTrack(artistID, trackID) values('IWZAZCC6', 'ZZE070OZ');
insert into Track(trackID, name, image, duration, mp3, albumID, [view]) values('ZZ980W67', N'Em Sẽ Quay Về', N'https://photo-resize-zmp3.zmdcdn.me/w240_r1x1_jpeg/cover/5/e/4/e/5e4ed75bae06de3a880261f270628477.jpg', 232, N'/mp3/Em-Se-Quay-Ve-Pham-Dinh-Thai-NganZZ980W67.mp3', N'6BUZ9I0A', 0);
insert into GenreOfTrack(genreID, trackID) values('IWZ9Z08I', 'ZZ980W67');
insert into GenreOfTrack(genreID, trackID) values('IWZ97FCD', 'ZZ980W67');
insert into ArtistTrack(artistID, trackID) values('IWZAOADF', 'ZZ980W67');
insert into Track(trackID, name, image, duration, mp3, albumID, [view]) values('ZZC7DIEU', N'Người Yêu Không Đá', N'https://photo-resize-zmp3.zmdcdn.me/w240_r1x1_jpeg/cover/6/8/a/a/68aaf3904862570375f646cfd2cf7b33.jpg', 189, N'/mp3/Nguoi-Yeu-Khong-Da-CHOCO-The-FillinZZC7DIEU.mp3', N'6BOAOE00', 0);
insert into GenreOfTrack(genreID, trackID) values('IWZ97FCD', 'ZZC7DIEU');
insert into GenreOfTrack(genreID, trackID) values('IWZ9Z08I', 'ZZC7DIEU');
insert into ArtistTrack(artistID, trackID) values('IW7AZ9DF', 'ZZC7DIEU');
insert into ArtistTrack(artistID, trackID) values('IW7AW87E', 'ZZC7DIEU');
insert into Track(trackID, name, image, duration, mp3, albumID, [view]) values('ZZ908EB0', N'Mất Anh Rồi', N'https://photo-resize-zmp3.zmdcdn.me/w240_r1x1_jpeg/cover/3/f/4/2/3f4257a9f78d4dd1c29d1441bba50497.jpg', 293, N'/mp3/Mat-Anh-Roi-Nguyen-Thac-Bao-Ngoc-ACVZZ908EB0.mp3', N'6BIFZA8E', 0);
insert into GenreOfTrack(genreID, trackID) values('IWZ9Z08I', 'ZZ908EB0');
insert into GenreOfTrack(genreID, trackID) values('IWZ97FCD', 'ZZ908EB0');
insert into ArtistTrack(artistID, trackID) values('IWZCOZZD', 'ZZ908EB0');
insert into ArtistTrack(artistID, trackID) values('IW6ZAAB8', 'ZZ908EB0');
insert into Track(trackID, name, image, duration, mp3, albumID, [view]) values('ZZ9UWZO7', N'Rung Động', N'https://photo-resize-zmp3.zmdcdn.me/w240_r1x1_jpeg/cover/d/e/3/8/de38ea78ded4ceaf57bd74b07125bcef.jpg', 259, N'/mp3/Rung-Dong-Duong-EdwardZZ9UWZO7.mp3', N'6BW0ECOC', 0);
insert into GenreOfTrack(genreID, trackID) values('IWZ9Z08I', 'ZZ9UWZO7');
insert into GenreOfTrack(genreID, trackID) values('IWZ97FCD', 'ZZ9UWZO7');
insert into ArtistTrack(artistID, trackID) values('IWZ97FE0', 'ZZ9UWZO7');
insert into Track(trackID, name, image, duration, mp3, albumID, [view]) values('ZZO0F8BW', N'Chạy Về Khóc Với Anh', N'https://photo-resize-zmp3.zmdcdn.me/w240_r1x1_jpeg/cover/c/6/d/e/c6def069a1a885c41fe479358fa7c506.jpg', 224, N'/mp3/Chay-Ve-Khoc-Voi-Anh-ERIKZZO0F8BW.mp3', N'6ACWB7ZI', 0);
insert into GenreOfTrack(genreID, trackID) values('IWZ9Z08I', 'ZZO0F8BW');
insert into GenreOfTrack(genreID, trackID) values('IWZ97FCD', 'ZZO0F8BW');
insert into ArtistTrack(artistID, trackID) values('IWZA6CIZ', 'ZZO0F8BW');
insert into Track(trackID, name, image, duration, mp3, albumID, [view]) values('ZZA09OUC', N'Buồn Không Thể Buông', N'https://photo-resize-zmp3.zmdcdn.me/w240_r1x1_jpeg/cover/6/4/0/a/640ac5c5de098aee6af8a332310dfb20.jpg', 238, N'/mp3/Buon-Khong-The-Buong-DREAMeR-Phi-Phuong-Anh-RIN9-MiiNaZZA09OUC.mp3', N'6BW6CUID', 0);
insert into GenreOfTrack(genreID, trackID) values('IWZ9Z08I', 'ZZA09OUC');
insert into GenreOfTrack(genreID, trackID) values('IWZ97FCD', 'ZZA09OUC');
insert into ArtistTrack(artistID, trackID) values('IW780C6C', 'ZZA09OUC');
insert into ArtistTrack(artistID, trackID) values('IW68C6Z8', 'ZZA09OUC');
insert into ArtistTrack(artistID, trackID) values('IWZFDZDA', 'ZZA09OUC');
insert into ArtistTrack(artistID, trackID) values('IW780C6D', 'ZZA09OUC');
insert into Track(trackID, name, image, duration, mp3, albumID, [view]) values('ZZDUFZEE', N'Duyên Tình Mình Lỡ', N'https://photo-resize-zmp3.zmdcdn.me/w240_r1x1_jpeg/cover/d/5/9/7/d5977d47f7822c4446192f23e8435d4b.jpg', 274, N'/mp3/Duyen-Tinh-Minh-Lo-Hoang-LanZZDUFZEE.mp3', N'6BU0O7AC', 0);
insert into GenreOfTrack(genreID, trackID) values('IWZ97FCD', 'ZZDUFZEE');
insert into GenreOfTrack(genreID, trackID) values('IWZ9Z08I', 'ZZDUFZEE');
insert into ArtistTrack(artistID, trackID) values('IWZAF98B', 'ZZDUFZEE');
insert into Track(trackID, name, image, duration, mp3, albumID, [view]) values('ZZDUD9FA', N'Quên Đặt Tên', N'https://photo-resize-zmp3.zmdcdn.me/w240_r1x1_jpeg/cover/e/f/7/7/ef77440009d6a0d0827959c0fd8a9314.jpg', 334, N'/mp3/Quen-Dat-Ten-Pham-Nguyen-Ngoc-BMZZZDUD9FA.mp3', N'6BU0W9D0', 0);
insert into GenreOfTrack(genreID, trackID) values('IWZ97FCD', 'ZZDUD9FA');
insert into GenreOfTrack(genreID, trackID) values('IWZ9Z08I', 'ZZDUD9FA');
insert into ArtistTrack(artistID, trackID) values('IW6ZZIO9', 'ZZDUD9FA');
insert into ArtistTrack(artistID, trackID) values('IW68U68B', 'ZZDUD9FA');
insert into Track(trackID, name, image, duration, mp3, albumID, [view]) values('ZZCZCUCF', N'Chúng Ta Làm Bạn Được Không?', N'https://photo-resize-zmp3.zmdcdn.me/w240_r1x1_jpeg/cover/4/5/e/1/45e109b5567bab706a54929c39a5deb7.jpg', 300, N'/mp3/Chung-Ta-Lam-Ban-Duoc-Khong-Thieu-Bao-TramZZCZCUCF.mp3', N'6BO96ZBI', 0);
insert into GenreOfTrack(genreID, trackID) values('IWZ97FCD', 'ZZCZCUCF');
insert into GenreOfTrack(genreID, trackID) values('IWZ9Z08I', 'ZZCZCUCF');
insert into ArtistTrack(artistID, trackID) values('IWZ9COWZ', 'ZZCZCUCF');
insert into Track(trackID, name, image, duration, mp3, albumID, [view]) values('ZZCOAFOF', N'Ngôi Nhà Và Đống Rơm', N'https://photo-resize-zmp3.zmdcdn.me/w240_r1x1_jpeg/cover/b/f/d/4/bfd49cf4cb9e6fc7180c67522f22aefb.jpg', 243, N'/mp3/Ngoi-Nha-Va-Dong-Rom-NalZZCOAFOF.mp3', N'6BO877WZ', 0);
insert into GenreOfTrack(genreID, trackID) values('IWZ97FCD', 'ZZCOAFOF');
insert into GenreOfTrack(genreID, trackID) values('IWZ9Z08I', 'ZZCOAFOF');
insert into ArtistTrack(artistID, trackID) values('IW6A7CEE', 'ZZCOAFOF');
insert into Track(trackID, name, image, duration, mp3, albumID, [view]) values('ZZ9F9O80', N'Lạc Vào Trong Mơ', N'https://photo-resize-zmp3.zmdcdn.me/w240_r1x1_jpeg/cover/4/c/2/8/4c282e19915377775b55081874f03941.jpg', 173, N'/mp3/Lac-Vao-Trong-Mo-SimonC-WUYZZ9F9O80.mp3', N'6BW6Z907', 0);
insert into GenreOfTrack(genreID, trackID) values('IWZ9Z08I', 'ZZ9F9O80');
insert into GenreOfTrack(genreID, trackID) values('IWZ9Z089', 'ZZ9F9O80');
insert into ArtistTrack(artistID, trackID) values('IW77IEO8', 'ZZ9F9O80');
insert into ArtistTrack(artistID, trackID) values('IW780WI8', 'ZZ9F9O80');
insert into Track(trackID, name, image, duration, mp3, albumID, [view]) values('ZZA07O7Z', N'Về Nghe Mẹ Ru', N'https://photo-resize-zmp3.zmdcdn.me/w240_r1x1_jpeg/cover/2/8/3/1/28319835a3d7576ff6c20d94fec136e3.jpg', 224, N'/mp3/Ve-Nghe-Me-Ru-NSND-Bach-Tuyet-Hoang-Dung-Hua-Kim-Tuyen-14-CasperZZA07O7Z.mp3', N'6BW6B0O7', 0);
insert into GenreOfTrack(genreID, trackID) values('IWZ9Z08I', 'ZZA07O7Z');
insert into GenreOfTrack(genreID, trackID) values('IWZ97FCD', 'ZZA07O7Z');
insert into ArtistTrack(artistID, trackID) values('IWZ9Z900', 'ZZA07O7Z');
insert into ArtistTrack(artistID, trackID) values('IWZAZ8U6', 'ZZA07O7Z');
insert into ArtistTrack(artistID, trackID) values('IWZCOZ0I', 'ZZA07O7Z');
insert into ArtistTrack(artistID, trackID) values('IW6UZWOW', 'ZZA07O7Z');
insert into Track(trackID, name, image, duration, mp3, albumID, [view]) values('ZZCADIDB', N'Vậy Thì Người Cứ Đi', N'https://photo-resize-zmp3.zmdcdn.me/w240_r1x1_jpeg/cover/1/9/c/7/19c7dcfb7904942ce71d5193fcd3815e.jpg', 293, N'/mp3/Vay-Thi-Nguoi-Cu-Di-Jin-Tuan-Nam-M-Roy-HOA-HONG-DAI-MUSICZZCADIDB.mp3', N'6BOB8FIB', 0);
insert into GenreOfTrack(genreID, trackID) values('IWZ97FCD', 'ZZCADIDB');
insert into GenreOfTrack(genreID, trackID) values('IWZ9Z08I', 'ZZCADIDB');
insert into ArtistTrack(artistID, trackID) values('IW6ZZF6D', 'ZZCADIDB');
insert into ArtistTrack(artistID, trackID) values('IW77BDI0', 'ZZCADIDB');
insert into ArtistTrack(artistID, trackID) values('IW76DFBF', 'ZZCADIDB');
insert into Track(trackID, name, image, duration, mp3, albumID, [view]) values('ZZ8FBO8F', N'Mây Hồng Đưa Lối', N'https://photo-resize-zmp3.zmdcdn.me/w240_r1x1_jpeg/cover/f/a/7/f/fa7fb06f125e1f542c83dbaf4807e43a.jpg', 243, N'/mp3/May-Hong-Dua-Loi-DatKaaZZ8FBO8F.mp3', N'6BIFZW8D', 0);
insert into GenreOfTrack(genreID, trackID) values('IWZ9Z08I', 'ZZ8FBO8F');
insert into GenreOfTrack(genreID, trackID) values('IWZ97FCD', 'ZZ8FBO8F');
insert into ArtistTrack(artistID, trackID) values('IW6ZBOW8', 'ZZ8FBO8F');
insert into Track(trackID, name, image, duration, mp3, albumID, [view]) values('ZZ800AUE', N'Cảm Ơn Em Đã Đến Bên Anh', N'https://photo-resize-zmp3.zmdcdn.me/w240_r1x1_jpeg/cover/b/d/1/5/bd15c3d2b08498ae5482b6856747a3bd.jpg', 300, N'/mp3/Cam-On-Em-Da-Den-Ben-Anh-Thai-HocZZ800AUE.mp3', N'6B0C8BWD', 0);
insert into GenreOfTrack(genreID, trackID) values('IWZ9Z08I', 'ZZ800AUE');
insert into GenreOfTrack(genreID, trackID) values('IWZ97FCD', 'ZZ800AUE');
insert into ArtistTrack(artistID, trackID) values('IW68CC9Z', 'ZZ800AUE');
insert into Track(trackID, name, image, duration, mp3, albumID, [view]) values('ZZCEF9DD', N'Ừ Thì Anh Cũng Vui', N'https://photo-resize-zmp3.zmdcdn.me/w240_r1x1_jpeg/cover/d/8/b/5/d8b5de62ece4daeed2b0e95374583aac.jpg', 284, N'/mp3/U-Thi-Anh-Cung-Vui-Ho-Quang-Hieu-ACVZZCEF9DD.mp3', N'6BODZ7AU', 0);
insert into GenreOfTrack(genreID, trackID) values('IWZ9Z08I', 'ZZCEF9DD');
insert into GenreOfTrack(genreID, trackID) values('IWZ97FCD', 'ZZCEF9DD');
insert into ArtistTrack(artistID, trackID) values('IWZ968UO', 'ZZCEF9DD');
insert into ArtistTrack(artistID, trackID) values('IW6ZAAB8', 'ZZCEF9DD');
insert into Track(trackID, name, image, duration, mp3, albumID, [view]) values('ZZDB777I', N'Giá Như Đừng Gặp Nhau', N'https://photo-resize-zmp3.zmdcdn.me/w240_r1x1_jpeg/cover/6/5/0/c/650cdf0d1fda6b4a17e922ac7bdda4a8.jpg', 257, N'/mp3/Gia-Nhu-Dung-Gap-Nhau-Nam-Le-Huong-Ly-LY-MZZDB777I.mp3', N'6BUOOOBE', 0);
insert into GenreOfTrack(genreID, trackID) values('IWZ97FCD', 'ZZDB777I');
insert into GenreOfTrack(genreID, trackID) values('IWZ9Z08I', 'ZZDB777I');
insert into ArtistTrack(artistID, trackID) values('IW76EO00', 'ZZDB777I');
insert into ArtistTrack(artistID, trackID) values('IW6ZO9UB', 'ZZDB777I');
insert into ArtistTrack(artistID, trackID) values('IW7AOFZ0', 'ZZDB777I');
insert into Track(trackID, name, image, duration, mp3, albumID, [view]) values('ZZB6BB8C', N'Mộng Tàn Hoa (New Version)', N'https://photo-resize-zmp3.zmdcdn.me/w240_r1x1_jpeg/cover/a/c/2/1/ac2198e6f0ed52fae358b62bb84348d2.jpg', 273, N'/mp3/Mong-Tan-Hoa-New-Version-Thien-TuZZB6BB8C.mp3', N'6BOWZFC0', 0);
insert into GenreOfTrack(genreID, trackID) values('IWZ97FCD', 'ZZB6BB8C');
insert into GenreOfTrack(genreID, trackID) values('IWZ9Z08I', 'ZZB6BB8C');
insert into ArtistTrack(artistID, trackID) values('IW67E9CO', 'ZZB6BB8C');
insert into Track(trackID, name, image, duration, mp3, albumID, [view]) values('ZZ9AB09U', N'Ít Nhưng Dài Lâu', N'https://photo-resize-zmp3.zmdcdn.me/w240_r1x1_jpeg/cover/2/6/4/7/2647533ba8537b8a9a12d992e392433b.jpg', 284, N'/mp3/It-Nhung-Dai-Lau-Chu-Thuy-QuynhZZ9AB09U.mp3', N'6BWOE7AW', 0);
insert into GenreOfTrack(genreID, trackID) values('IWZ9Z08I', 'ZZ9AB09U');
insert into GenreOfTrack(genreID, trackID) values('IWZ97FCD', 'ZZ9AB09U');
insert into ArtistTrack(artistID, trackID) values('IW7OOZ0O', 'ZZ9AB09U');
insert into Track(trackID, name, image, duration, mp3, albumID, [view]) values('ZZCZADBW', N'Chưa Quên Người Yêu Cũ (Live Version)', N'https://photo-resize-zmp3.zmdcdn.me/w240_r1x1_jpeg/cover/b/d/e/5/bde5296dc6b374538e0cc738e6985b93.jpg', 336, N'/mp3/Chua-Quen-Nguoi-Yeu-Cu-Live-Version-Ha-NhiZZCZADBW.mp3', N'6BOAO0O7', 0);
insert into GenreOfTrack(genreID, trackID) values('IWZ9Z08I', 'ZZCZADBW');
insert into GenreOfTrack(genreID, trackID) values('IWZ97FCD', 'ZZCZADBW');
insert into ArtistTrack(artistID, trackID) values('IWZA6806', 'ZZCZADBW');
insert into Track(trackID, name, image, duration, mp3, albumID, [view]) values('ZZCFFZFZ', N'Chốn Quê Thanh Bình', N'https://photo-resize-zmp3.zmdcdn.me/w240_r1x1_jpeg/cover/f/e/8/0/fe804a0a5af3d148ab9d3a148d41ed7b.jpg', 183, N'/mp3/Chon-Que-Thanh-Binh-DIMZZZCFFZFZ.mp3', N'6BODCCFO', 0);
insert into GenreOfTrack(genreID, trackID) values('IWZ97FCD', 'ZZCFFZFZ');
insert into GenreOfTrack(genreID, trackID) values('IWZ9Z08I', 'ZZCFFZFZ');
insert into ArtistTrack(artistID, trackID) values('IW689UCI', 'ZZCFFZFZ');
insert into Track(trackID, name, image, duration, mp3, albumID, [view]) values('ZZCUAAOE', N'Em Là Nhất (Cukak Remix)', N'https://photo-resize-zmp3.zmdcdn.me/w240_r1x1_jpeg/cover/6/c/7/a/6c7adf3a5bf16e0405d1f719e77880e0.jpg', 193, N'/mp3/Em-La-Nhat-Cukak-Remix-Kis-Hoang-KayLee-Yahy-CUKAKZZCUAAOE.mp3', N'6BO8E7BD', 0);
insert into GenreOfTrack(genreID, trackID) values('IWZ9Z08I', 'ZZCUAAOE');
insert into GenreOfTrack(genreID, trackID) values('IWZ9Z0CW', 'ZZCUAAOE');
insert into ArtistTrack(artistID, trackID) values('IW77678C', 'ZZCUAAOE');
insert into ArtistTrack(artistID, trackID) values('IW7ZE7DD', 'ZZCUAAOE');
insert into ArtistTrack(artistID, trackID) values('IW79E876', 'ZZCUAAOE');
insert into ArtistTrack(artistID, trackID) values('IW7O8E7F', 'ZZCUAAOE');
insert into Track(trackID, name, image, duration, mp3, albumID, [view]) values('ZZE070WU', N'thích em hơi nhiều', N'https://photo-resize-zmp3.zmdcdn.me/w240_r1x1_jpeg/cover/d/1/7/e/d17ea4144c17acf6159da67d8b34ffce.jpg', 205, N'/mp3/thich-em-hoi-nhieu-Hoang-DungZZE070WU.mp3', N'6BUZ8FB6', 0);
insert into GenreOfTrack(genreID, trackID) values('IWZ97FCD', 'ZZE070WU');
insert into GenreOfTrack(genreID, trackID) values('IWZ9Z08I', 'ZZE070WU');
insert into ArtistTrack(artistID, trackID) values('IWZAZ8U6', 'ZZE070WU');
insert into Track(trackID, name, image, duration, mp3, albumID, [view]) values('ZOAFI9D9', N'Cô Đơn Dành Cho Ai', N'https://photo-resize-zmp3.zmdcdn.me/w240_r1x1_jpeg/cover/8/b/3/3/8b337aca4250fde26de3dfb1d6eca697.jpg', 231, N'/mp3/Co-Don-Danh-Cho-Ai-Lee-Ken-NalZOAFI9D9.mp3', N'67EOZ8UB', 0);
insert into GenreOfTrack(genreID, trackID) values('IWZ9Z08I', 'ZOAFI9D9');
insert into GenreOfTrack(genreID, trackID) values('IWZ97FCD', 'ZOAFI9D9');
insert into ArtistTrack(artistID, trackID) values('IW6A7CED', 'ZOAFI9D9');
insert into ArtistTrack(artistID, trackID) values('IW6A7CEE', 'ZOAFI9D9');
insert into Track(trackID, name, image, duration, mp3, albumID, [view]) values('ZZBDE0WC', N'Ơi Anh Gì Ơi', N'https://photo-resize-zmp3.zmdcdn.me/w240_r1x1_jpeg/cover/6/1/a/5/61a5d36a05eb58479103614bb6c3b66a.jpg', 189, N'/mp3/Oi-Anh-Gi-Oi-Hana-Cam-Tien-Tracy-Thao-MyZZBDE0WC.mp3', N'6BOZDICZ', 0);
insert into GenreOfTrack(genreID, trackID) values('IWZ9Z08I', 'ZZBDE0WC');
insert into GenreOfTrack(genreID, trackID) values('IWZ97FCD', 'ZZBDE0WC');
insert into ArtistTrack(artistID, trackID) values('IW67CWB0', 'ZZBDE0WC');
insert into ArtistTrack(artistID, trackID) values('IWZAZWIC', 'ZZBDE0WC');
insert into Track(trackID, name, image, duration, mp3, albumID, [view]) values('ZZAC97IZ', N'Tay Bế Tay Bồng', N'https://photo-resize-zmp3.zmdcdn.me/w240_r1x1_jpeg/cover/0/f/4/6/0f461252693ac971fd2361de678662d1.jpg', 290, N'/mp3/Tay-Be-Tay-Bong-Thai-HocZZAC97IZ.mp3', N'6BWCCZO9', 0);
insert into GenreOfTrack(genreID, trackID) values('IWZ9Z08I', 'ZZAC97IZ');
insert into GenreOfTrack(genreID, trackID) values('IWZ97FCD', 'ZZAC97IZ');
insert into ArtistTrack(artistID, trackID) values('IW68CC9Z', 'ZZAC97IZ');
insert into Track(trackID, name, image, duration, mp3, albumID, [view]) values('ZZAE6UEW', N'Theo Anh Zìa', N'https://photo-resize-zmp3.zmdcdn.me/w240_r1x1_jpeg/cover/a/c/2/8/ac285959ed5f25c016583186fd9a2cde.jpg', 225, N'/mp3/Theo-Anh-Zia-Tracy-Thao-My-Truong-LeZZAE6UEW.mp3', N'6BWD9FCF', 0);
insert into GenreOfTrack(genreID, trackID) values('IWZ9Z08I', 'ZZAE6UEW');
insert into GenreOfTrack(genreID, trackID) values('IWZ97FCD', 'ZZAE6UEW');
insert into ArtistTrack(artistID, trackID) values('IWZAZWIC', 'ZZAE6UEW');
insert into ArtistTrack(artistID, trackID) values('IWZAWCBF', 'ZZAE6UEW');
insert into Track(trackID, name, image, duration, mp3, albumID, [view]) values('ZZBEOFZC', N'Em Là Quá Khứ Không Thể Quên', N'https://photo-resize-zmp3.zmdcdn.me/w240_r1x1_jpeg/cover/e/9/e/6/e9e6692916d9a8e35387bbd6bdcf5b04.jpg', 306, N'/mp3/Em-La-Qua-Khu-Khong-The-Quen-Thien-TuZZBEOFZC.mp3', N'6BO60WIC', 0);
insert into GenreOfTrack(genreID, trackID) values('IWZ97FCD', 'ZZBEOFZC');
insert into GenreOfTrack(genreID, trackID) values('IWZ9Z08I', 'ZZBEOFZC');
insert into ArtistTrack(artistID, trackID) values('IW67E9CO', 'ZZBEOFZC');
insert into Track(trackID, name, image, duration, mp3, albumID, [view]) values('ZZDFDB6F', N'1 Cọng Tóc Mai', N'https://photo-resize-zmp3.zmdcdn.me/w240_r1x1_jpeg/cover/c/0/7/c/c07c3ae64b05904e2e3c1cf274cced69.jpg', 197, N'/mp3/1-Cong-Toc-Mai-Toc-Tien-TouliverZZDFDB6F.mp3', N'6BUZU6OW', 0);
insert into GenreOfTrack(genreID, trackID) values('IWZ97FCD', 'ZZDFDB6F');
insert into GenreOfTrack(genreID, trackID) values('IWZ9Z08I', 'ZZDFDB6F');
insert into ArtistTrack(artistID, trackID) values('IWZ9ZUCI', 'ZZDFDB6F');
insert into ArtistTrack(artistID, trackID) values('IWZ986AE', 'ZZDFDB6F');
insert into Track(trackID, name, image, duration, mp3, albumID, [view]) values('ZZDWA7CD', N'Hổng Cưới Đâu Nha', N'https://photo-resize-zmp3.zmdcdn.me/w240_r1x1_jpeg/cover/3/b/5/4/3b54278f2d7034c5b7cf9bb48b038cc5.jpg', 156, N'/mp3/Hong-Cuoi-Dau-Nha-Vo-Kieu-VanZZDWA7CD.mp3', N'6BOF0DUZ', 0);
insert into GenreOfTrack(genreID, trackID) values('IWZ97FCD', 'ZZDWA7CD');
insert into GenreOfTrack(genreID, trackID) values('IWZ9Z08I', 'ZZDWA7CD');
insert into ArtistTrack(artistID, trackID) values('IWZAWBCZ', 'ZZDWA7CD');
insert into Track(trackID, name, image, duration, mp3, albumID, [view]) values('ZZCCAZZ0', N'Chờ-iu Chill', N'https://photo-resize-zmp3.zmdcdn.me/w240_r1x1_jpeg/cover/c/7/9/7/c7973cb366ba4ec074e45247ba460247.jpg', 234, N'/mp3/Cho-iu-Chill-Tien-Tien-De-ChoatZZCCAZZ0.mp3', N'6BOCZO7A', 0);
insert into GenreOfTrack(genreID, trackID) values('IWZ97FCD', 'ZZCCAZZ0');
insert into GenreOfTrack(genreID, trackID) values('IWZ9Z08I', 'ZZCCAZZ0');
insert into ArtistTrack(artistID, trackID) values('IWZAOAIC', 'ZZCCAZZ0');
insert into ArtistTrack(artistID, trackID) values('IW6W8IBB', 'ZZCCAZZ0');
insert into Track(trackID, name, image, duration, mp3, albumID, [view]) values('ZZDUIB87', N'Chỉ Là Đã Từng', N'https://photo-resize-zmp3.zmdcdn.me/w240_r1x1_jpeg/cover/5/b/8/d/5b8def1ee313bd677d196ee8dc620fd4.jpg', 314, N'/mp3/Chi-La-Da-Tung-Thanh-DatZZDUIB87.mp3', N'6BOFCBAI', 0);
insert into GenreOfTrack(genreID, trackID) values('IWZ9Z08I', 'ZZDUIB87');
insert into GenreOfTrack(genreID, trackID) values('IWZ97FCD', 'ZZDUIB87');
insert into ArtistTrack(artistID, trackID) values('IW6BZA76', 'ZZDUIB87');
insert into Track(trackID, name, image, duration, mp3, albumID, [view]) values('ZZCZCCOE', N'Có Trăng Quên Đèn', N'https://photo-resize-zmp3.zmdcdn.me/w240_r1x1_jpeg/cover/e/0/b/d/e0bd1a1045fb7d3f516a2db8a4ff6dd6.jpg', 287, N'/mp3/Co-Trang-Quen-Den-H-KrayZZCZCCOE.mp3', N'6BOB99IB', 0);
insert into GenreOfTrack(genreID, trackID) values('IWZ9Z08I', 'ZZCZCCOE');
insert into GenreOfTrack(genreID, trackID) values('IWZ97FCD', 'ZZCZCCOE');
insert into ArtistTrack(artistID, trackID) values('IW76DOIC', 'ZZCZCCOE');
insert into Track(trackID, name, image, duration, mp3, albumID, [view]) values('ZZDD86BZ', N'Thuyền Quyên', N'https://photo-resize-zmp3.zmdcdn.me/w240_r1x1_jpeg/cover/2/e/c/5/2ec51983dbff681cc3cb7af20b4c7ad2.jpg', 193, N'/mp3/Thuyen-Quyen-Dieu-KienZZDD86BZ.mp3', N'6BUUOE00', 0);
insert into GenreOfTrack(genreID, trackID) values('IWZ97FCD', 'ZZDD86BZ');
insert into GenreOfTrack(genreID, trackID) values('IWZ9Z08I', 'ZZDD86BZ');
insert into ArtistTrack(artistID, trackID) values('IW6Z8UUB', 'ZZDD86BZ');
insert into Track(trackID, name, image, duration, mp3, albumID, [view]) values('ZZCIOW09', N'Về Quê Cưới Luôn', N'https://photo-resize-zmp3.zmdcdn.me/w240_r1x1_jpeg/cover/1/0/f/9/10f91174c93b1b179e2f45d4ba35e25f.jpg', 173, N'/mp3/Ve-Que-Cuoi-Luon-Saka-Truong-Tuyen-Luu-HungZZCIOW09.mp3', N'6BO7Z9F6', 0);
insert into GenreOfTrack(genreID, trackID) values('IWZ97FCD', 'ZZCIOW09');
insert into GenreOfTrack(genreID, trackID) values('IWZ9Z08I', 'ZZCIOW09');
insert into ArtistTrack(artistID, trackID) values('IWZ97Z8D', 'ZZCIOW09');
insert into ArtistTrack(artistID, trackID) values('IWZ98BWU', 'ZZCIOW09');
insert into Track(trackID, name, image, duration, mp3, albumID, [view]) values('ZZBEUO99', N'Chỉ Còn Một Đêm', N'https://photo-resize-zmp3.zmdcdn.me/w240_r1x1_jpeg/cover/e/2/1/c/e21c31a781b6a1ae4eaefedecd49baed.jpg', 265, N'/mp3/Chi-Con-Mot-Dem-Quang-Hung-MasterD-F-HEROZZBEUO99.mp3', N'6BO60UDO', 0);
insert into GenreOfTrack(genreID, trackID) values('IWZ97FCD', 'ZZBEUO99');
insert into GenreOfTrack(genreID, trackID) values('IWZ9Z08I', 'ZZBEUO99');
insert into ArtistTrack(artistID, trackID) values('IWZAZFCO', 'ZZBEUO99');
insert into ArtistTrack(artistID, trackID) values('IW66BCFD', 'ZZBEUO99');
insert into Track(trackID, name, image, duration, mp3, albumID, [view]) values('ZZDDBWF6', N'Pháo Hồng', N'https://photo-resize-zmp3.zmdcdn.me/w240_r1x1_jpeg/cover/3/9/8/d/398dd75c920409a73359c8a62f02a166.jpg', 235, N'/mp3/Phao-Hong-Dat-Long-VinhZZDDBWF6.mp3', N'6BUUUF8W', 0);
insert into GenreOfTrack(genreID, trackID) values('IWZ97FCD', 'ZZDDBWF6');
insert into GenreOfTrack(genreID, trackID) values('IWZ9Z08I', 'ZZDDBWF6');
insert into ArtistTrack(artistID, trackID) values('IW76FDO7', 'ZZDDBWF6');
insert into Track(trackID, name, image, duration, mp3, albumID, [view]) values('ZZC0WOCZ', N'Mời Trầu', N'https://photo-resize-zmp3.zmdcdn.me/w240_r1x1_jpeg/cover/d/a/e/b/daeb652e4054ef0cb645c3231737f142.jpg', 214, N'/mp3/Moi-Trau-MasewZZC0WOCZ.mp3', N'6BO6DDBO', 0);
insert into GenreOfTrack(genreID, trackID) values('IWZ97FCD', 'ZZC0WOCZ');
insert into GenreOfTrack(genreID, trackID) values('IWZ9Z08I', 'ZZC0WOCZ');
insert into ArtistTrack(artistID, trackID) values('IWZFD77I', 'ZZC0WOCZ');
insert into Track(trackID, name, image, duration, mp3, albumID, [view]) values('ZZAEUDBC', N'Lạc Chốn Hồng Trần', N'https://photo-resize-zmp3.zmdcdn.me/w240_r1x1_jpeg/cover/4/3/2/2/432286bb7b63a0c4e91b2779d46de7f8.jpg', 330, N'/mp3/Lac-Chon-Hong-Tran-La-Phong-LamZZAEUDBC.mp3', N'6BOIZF9E', 0);
insert into GenreOfTrack(genreID, trackID) values('IWZ97FCD', 'ZZAEUDBC');
insert into GenreOfTrack(genreID, trackID) values('IWZ9Z08I', 'ZZAEUDBC');
insert into ArtistTrack(artistID, trackID) values('IWZA6A7Z', 'ZZAEUDBC');
insert into Track(trackID, name, image, duration, mp3, albumID, [view]) values('ZZCOB88E', N'Chắc Do Em Đã Sai', N'https://photo-resize-zmp3.zmdcdn.me/w240_r1x1_jpeg/cover/8/2/7/1/82711c5642f92e3562484c3a5a6c8f24.jpg', 329, N'/mp3/Chac-Do-Em-Da-Sai-TVk-Huynh-Mong-Nhu-93NEW-GZZCOB88E.mp3', N'6BO87A9U', 0);
insert into GenreOfTrack(genreID, trackID) values('IWZ97FCD', 'ZZCOB88E');
insert into GenreOfTrack(genreID, trackID) values('IWZ9Z08I', 'ZZCOB88E');
insert into ArtistTrack(artistID, trackID) values('IW6ZC0DZ', 'ZZCOB88E');
insert into ArtistTrack(artistID, trackID) values('IW76Z89I', 'ZZCOB88E');
insert into ArtistTrack(artistID, trackID) values('IW767UFZ', 'ZZCOB88E');
insert into Track(trackID, name, image, duration, mp3, albumID, [view]) values('ZZAFOOOE', N'Khi Yêu Nào Đâu Ai Muốn', N'https://photo-resize-zmp3.zmdcdn.me/w240_r1x1_jpeg/cover/2/b/f/6/2bf68cc8bc3b373cb1f235eabe6cceb4.jpg', 312, N'/mp3/Khi-Yeu-Nao-Dau-Ai-Muon-Trinh-Thien-AnZZAFOOOE.mp3', N'6BWE0WEW', 0);
insert into GenreOfTrack(genreID, trackID) values('IWZ97FCD', 'ZZAFOOOE');
insert into GenreOfTrack(genreID, trackID) values('IWZ9Z08I', 'ZZAFOOOE');
insert into ArtistTrack(artistID, trackID) values('IWZ97CDD', 'ZZAFOOOE');
insert into Track(trackID, name, image, duration, mp3, albumID, [view]) values('ZZBOIC89', N'Cứ Thở Đi', N'https://photo-resize-zmp3.zmdcdn.me/w240_r1x1_jpeg/cover/e/4/3/2/e4320df795c54a48557651faf8e88854.jpg', 225, N'/mp3/Cu-Tho-Di-Duc-Phuc-Juky-San-Forest-StudioZZBOIC89.mp3', N'6BO0ZIZF', 0);
insert into GenreOfTrack(genreID, trackID) values('IWZ97FCD', 'ZZBOIC89');
insert into GenreOfTrack(genreID, trackID) values('IWZ9Z08I', 'ZZBOIC89');
insert into ArtistTrack(artistID, trackID) values('IWZA66AO', 'ZZBOIC89');
insert into ArtistTrack(artistID, trackID) values('IW6UZW08', 'ZZBOIC89');
insert into ArtistTrack(artistID, trackID) values('IW78F00B', 'ZZBOIC89');
insert into Track(trackID, name, image, duration, mp3, albumID, [view]) values('ZZAFIZC7', N'Hôm Nay Em Rất Mệt', N'https://photo-resize-zmp3.zmdcdn.me/w240_r1x1_jpeg/cover/d/c/e/6/dce61ee69969f2950225d0e50c544fcd.jpg', 222, N'/mp3/Hom-Nay-Em-Rat-Met-Nhu-Thuy-Nguyen-Van-ChungZZAFIZC7.mp3', N'6BWDFWWO', 0);
insert into GenreOfTrack(genreID, trackID) values('IWZ9Z08I', 'ZZAFIZC7');
insert into GenreOfTrack(genreID, trackID) values('IWZ97FCD', 'ZZAFIZC7');
insert into ArtistTrack(artistID, trackID) values('IWZFEEIO', 'ZZAFIZC7');
insert into ArtistTrack(artistID, trackID) values('IWZ96ZIC', 'ZZAFIZC7');
insert into Track(trackID, name, image, duration, mp3, albumID, [view]) values('ZZAFW996', N'Bố Vợ Chất Chơi', N'https://photo-resize-zmp3.zmdcdn.me/w240_r1x1_jpeg/cover/d/5/7/4/d574bf4f3319f63486645bd472672538.jpg', 219, N'/mp3/Bo-Vo-Chat-Choi-Huynh-VanZZAFW996.mp3', N'6BWDFD7W', 0);
insert into GenreOfTrack(genreID, trackID) values('IWZ97FCD', 'ZZAFW996');
insert into GenreOfTrack(genreID, trackID) values('IWZ9Z08I', 'ZZAFW996');
insert into ArtistTrack(artistID, trackID) values('IW6ZA7D9', 'ZZAFW996');
insert into Track(trackID, name, image, duration, mp3, albumID, [view]) values('ZZCZBOUI', N'Chung Tình Được Bao Lâu', N'https://photo-resize-zmp3.zmdcdn.me/w240_r1x1_jpeg/cover/5/1/5/9/515945f11a7c04327019f033e3fddd44.jpg', 276, N'/mp3/Chung-Tinh-Duoc-Bao-Lau-Jin-Tuan-Nam-Nguyen-Manh-HOA-HONG-DAI-MUSICZZCZBOUI.mp3', N'6BO9ZEO0', 0);
insert into GenreOfTrack(genreID, trackID) values('IWZ97FCD', 'ZZCZBOUI');
insert into GenreOfTrack(genreID, trackID) values('IWZ9Z08I', 'ZZCZBOUI');
insert into ArtistTrack(artistID, trackID) values('IW6ZZF6D', 'ZZCZBOUI');
insert into ArtistTrack(artistID, trackID) values('IW67DCDI', 'ZZCZBOUI');
insert into ArtistTrack(artistID, trackID) values('IW76DFBF', 'ZZCZBOUI');

insert into Track(trackID, name, image, duration, mp3, albumID, [view]) values('ZZE070W7', N'tóc ngắn', N'https://photo-resize-zmp3.zmdcdn.me/w240_r1x1_jpeg/cover/d/1/7/e/d17ea4144c17acf6159da67d8b34ffce.jpg', 216, N'/mp3/toc-ngan-OrangeZZE070W7.mp3', N'6BUZ8FB6', 0);
insert into GenreOfTrack(genreID, trackID) values('IWZ97FCD', 'ZZE070W7');
insert into GenreOfTrack(genreID, trackID) values('IWZ9Z08I', 'ZZE070W7');
insert into ArtistTrack(artistID, trackID) values('IWZFFWB7', 'ZZE070W7');
insert into Track(trackID, name, image, duration, mp3, albumID, [view]) values('ZZE070IF', N'khi cô đơn em nhớ đến ai', N'https://photo-resize-zmp3.zmdcdn.me/w240_r1x1_jpeg/cover/d/1/7/e/d17ea4144c17acf6159da67d8b34ffce.jpg', 269, N'/mp3/khi-co-don-em-nho-den-ai-Suni-Ha-Linh-Hoang-Dung-GREY-D-OrangeZZE070IF.mp3', N'6BUZ8FB6', 0);
insert into GenreOfTrack(genreID, trackID) values('IWZ97FCD', 'ZZE070IF');
insert into GenreOfTrack(genreID, trackID) values('IWZ9Z08I', 'ZZE070IF');
insert into ArtistTrack(artistID, trackID) values('IWZAZCC6', 'ZZE070IF');
insert into ArtistTrack(artistID, trackID) values('IWZAZ8U6', 'ZZE070IF');
insert into ArtistTrack(artistID, trackID) values('IWZCOUW8', 'ZZE070IF');
insert into ArtistTrack(artistID, trackID) values('IWZFFWB7', 'ZZE070IF');
insert into Track(trackID, name, image, duration, mp3, albumID, [view]) values('ZZE070WD', N'vaicaunoicokhiennguoithaydoi (acoustic)', N'https://photo-resize-zmp3.zmdcdn.me/w240_r1x1_jpeg/cover/d/1/7/e/d17ea4144c17acf6159da67d8b34ffce.jpg', 222, N'/mp3/vaicaunoicokhiennguoithaydoi-acoustic-GREY-DZZE070WD.mp3', N'6BUZ8FB6', 0);
insert into GenreOfTrack(genreID, trackID) values('IWZ9Z08I', 'ZZE070WD');
insert into GenreOfTrack(genreID, trackID) values('IWZ97FCD', 'ZZE070WD');
insert into ArtistTrack(artistID, trackID) values('IWZCOUW8', 'ZZE070WD');